Sample_ID,Group,Phe,Sex,Pro,W0,W14,Ave_Grey,Min_Grey,Max_Grey,Pixel_Number,Ave_Grey_Ref,Note,,
B2_Lw_F1,Lw_F,Lw,F,3.40,0.388,0.468,161.7,1,254,668394,6.65,,,W0: Body mass at the day of adult eclosion (g)
B2_Lw_F3,Lw_F,Lw,F,3.56,0.450,0.492,82.61,0,254,716518,5.86,,,W14: Body mass at the 14 days post adult eclosion; the day of implantation (g)
B2_Sw_M3,Sw_M,Sw,M,3.47,0.393,0.391,33.33,0,254,869111,6.35,,,Pro: Pronotum length (mm)
B2_Sw_M5,Sw_M,Sw,M,3.54,0.370,0.471,76.98,0,254,655512,6.53,,,Ave_Grey: Average darkness of the implant dissected from this individual (8bit grey scale)
B2_Lw_M3,Lw_M,Lw,M,3.40,0.435,0.418,104.93,0,254,551558,6.48,,,Ave_Grey_Ref: Average darkness of the reference implant  (8bit grey scale); for controlling consistent light exposure 
B3A_Lw_FX2,Lw_F,Lw,F,2.93,0.233,0.352,50.37,0,254,540800,6.58,,,
B3A_Sw_F2,Sw_F,Sw,F,3.41,0.393,0.567,133.2,1,254,603327,6.43,,,
B3A_Lw_FX1,Lw_F,Lw,F,3.38,0.343,0.390,26.74,0,251,620576,6.44,,,
B3A_Lw_F1,Lw_F,Lw,F,3.13,0.327,0.383,31.83,0,254,500585,6.47,,,
B3A_Lw_F2,Lw_F,Lw,F,3.57,0.390,0.572,25.4,0,254,699681,6.23,,,
B3A_Lw_M_X1,Lw_M,Lw,M,3.60,0.430,0.441,77.15,0,254,728799,6.39,,,
B3A_Lw_F4,Lw_F,Lw,F,3.45,0.366,0.449,60.28,0,254,611946,5.94,,,
B3A_Lw_MX2,Lw_M,Lw,M,3.23,0.338,0.368,54.56,0,254,608588,5.90,,,
B3A_Sw_M2,Sw_M,Sw,M,3.51,0.380,0.412,92.67,1,254,758204,6.91,,,
B3A_Lw_M1,Lw_M,Lw,M,3.29,0.350,0.371,51.02,0,240,657537,6.83,,,
B3A_Lw_M3,Lw_M,Lw,M,3.57,0.436,0.471,33.37,0,254,901729,5.32,,,
B3A_Lw_M4,Lw_M,Lw,M,3.41,0.349,0.410,19.41,0,238,759756,7.68,,,
B3B_Sw_F1,Sw_F,Sw,F,3.39,0.346,0.502,76.09,0,252,698626,6.26,,,
B3B_Sw_F2,Sw_F,Sw,F,3.45,0.361,0.521,117.59,0,254,724514,5.75,,,
B3B_Sw_M_X1,Sw_M,Sw,M,3.61,0.427,0.446,89.09,0,254,509368,5.86,,,
B3B_Lw_F1,Lw_F,Lw,F,3.37,0.378,0.535,124.2,5,254,720434,7.47,,,
B3B_Lw_F2,Lw_F,Lw,F,3.22,0.321,0.405,62.59,0,254,838785,7.62,,,
B3B_Lw_F9,Lw_F,Lw,F,3.45,0.394,0.442,81.73,0,254,691866,7.16,,,
B3B_Sw_M1,Sw_M,Sw,M,3.47,0.411,0.421,55.58,0,254,503249,7.09,,,
B3B_Sw_M2,Sw_M,Sw,M,3.16,0.367,0.361,20.71,0,254,556980,7.54,,,
B3B_Lw_M1,Lw_M,Lw,M,3.35,0.373,0.416,43.32,0,254,697039,7.49,,,
B3B_Lw_M2,Lw_M,Lw,M,3.30,0.326,0.355,37.55,0,254,845760,7.46,,,
B3B_Lw_M3,Lw_M,Lw,M,3.24,0.305,0.334,41.63,0,254,634430,7.49,,,
B3B_Lw_M4,Lw_M,Lw,M,3.24,0.327,0.353,55.98,0,254,684250,5.68,,,
B4A_Lw_M1,Lw_M,Lw,M,3.69,0.445,0.440,80.49,0,254,649852,5.08,,,
B4A_Lw_M2,Lw_M,Lw,M,3.44,0.396,0.431,59.81,0,254,679799,4.81,,,
B4A_Lw_M3,Lw_M,Lw,M,3.45,0.403,0.431,42.74,0,254,838282,6.20,,,
B4A_Lw_M4,Lw_M,Lw,M,3.56,0.441,0.454,37.75,0,254,755594,6.13,,,
B4B_Sw_M1,Sw_M,Sw,M,3.61,0.418,0.452,35.92,0,254,864459,6.01,,,
B4B_Sw_M2,Sw_M,Sw,M,3.85,0.511,0.546,47.33,0,254,929998,5.23,,,
B4B_Lw_M1,Lw_M,Lw,M,3.41,0.402,0.423,39.17,0,254,636235,7.17,,,
B4B_Lw_M2,Lw_M,Lw,M,3.54,0.434,0.471,38.06,0,254,681934,6.95,,,
B4B_Lw_M3,Lw_M,Lw,M,3.81,0.497,0.501,19.33,0,254,489451,6.63,,,
B4B_Lw_M4,Lw_M,Lw,M,3.83,0.521,0.548,55.73,0,254,714184,7.03,,,
B5A_Sw_F1,Sw_F,Sw,F,3.45,0.354,0.460,53.38,0,254,818640,6.77,,,
B5A_Sw_F2,Sw_F,Sw,F,3.42,0.370,0.526,126.02,0,254,539248,6.48,,,
B5A_Sw_F3,Sw_F,Sw,F,3.43,0.346,0.473,63.15,0,254,596242,6.45,,,
B5A_Sw_F4,Sw_F,Sw,F,3.55,0.422,0.627,111.25,0,254,577708,6.35,,,
B5A_Lw_FX1,Lw_F,Lw,F,3.46,0.361,0.415,70.23,0,254,667456,6.49,,,
B5A_Lw_F1,Lw_F,Lw,F,3.66,0.428,0.518,109.05,1,254,619373,6.48,,,
B5A_Sw_M1,Sw_M,Sw,M,3.40,0.408,0.424,26.28,0,254,767831,6.65,,,
B5B_Sw_F1,Sw_F,Sw,F,3.28,0.350,0.466,36.52,0,254,728318,5.53,,,
B5B_Sw_F2,Sw_F,Sw,F,3.35,0.437,0.487,61.76,0,254,878859,5.40,,,
B5B_Lw_F1,Lw_F,Lw,F,3.71,0.433,0.533,121.59,0,254,713732,5.17,,,
B5B_Lw_F2,Lw_F,Lw,F,3.77,0.440,0.538,50.79,0,254,678036,5.48,,,
B5B_Lw_F3,Lw_F,Lw,F,3.49,0.383,0.420,108.97,1,254,577758,5.50,,,
B5B_Lw_F4,Lw_F,Lw,F,3.52,0.381,0.515,58.23,0,254,797994,5.51,,,
B2_Lw_F4,Lw_F,Lw,F,3.56,0.405,0.532,51.77,0,254,772692,5.22,,,
B2_Lw_F5,Lw_F,Lw,F,3.52,0.430,0.589,69.76,0,254,487572,6.97,,,
B3B_Lw_M7,Lw_M,Lw,M,3.14,0.304,0.293,89.88,0,254,501287,4.96,,,
B3B_Sw_M3,Sw_M,Sw,M,3.16,0.318,0.318,119.53,3,254,605917,4.91,,,
B4A_Sw_M1,Sw_M,Sw,M,3.60,0.423,0.427,82.58,0,254,631597,4.83,,,
B4A_Lw_M6,Lw_M,Lw,M,3.69,0.435,0.480,17.71,0,251,470502,4.63,,,
B4A_Lw_M7,Lw_M,Lw,M,3.54,0.467,0.463,38.09,0,254,552406,4.21,,,
B5A_Sw_M2,Sw_M,Sw,M,3.78,0.499,0.555,71.32,0,254,552360,5.09,,,
B5B_Sw_M1,Sw_M,Sw,M,3.68,0.446,0.515,71.52,0,252,552501,5.59,,,
B5B_Lw_M1,Lw_M,Lw,M,3.77,0.479,0.518,77.09,0,254,569960,5.59,,,
B5B_Lw_M2,Lw_M,Lw,M,3.97,0.496,0.514,51.69,0,254,709315,5.18,,,
B3A_Lw_FX3,Lw_F,Lw,F,3.67,0.431,0.478,44.14,0,254,547066,5.63,,,
B3A_Lw_F6,Lw_F,Lw,F,3.50,0.367,0.396,59.84,0,254,508387,5.59,,,
B3A_Lw_F7,Lw_F,Lw,F,3.63,0.446,0.477,82.37,0,254,608825,5.49,,,
B3A_Lw_F8,Lw_F,Lw,F,3.49,0.410,0.565,81.14,0,254,560048,5.65,,,
B3A_Lw_F9,Lw_F,Lw,F,3.81,0.514,0.652,56.7,0,254,551255,5.98,,,
B3A_Lw_M11,Lw_M,Lw,M,3.43,0.375,0.397,20.94,0,254,590553,5.78,,,
B3A_Lw_M12,Lw_M,Lw,M,3.54,0.460,0.450,37.78,0,254,599159,5.86,,,
B3B_Sw_F4,Sw_F,Sw,F,3.67,0.477,0.623,25.92,0,254,697232,5.56,,,
B3B_Sw_F5,Sw_F,Sw,F,3.71,0.445,0.593,129.68,6,254,601505,5.57,,,
B3B_Lw_F12,Lw_F,Lw,F,3.67,0.471,0.535,100.07,1,254,511608,5.63,,,
B3B_Sw_FX1,Sw_F,Sw,F,3.70,0.360,0.506,47.71,0,254,434446,5.67,,,
B3B_Lw_F16,Lw_F,Lw,F,3.77,0.465,0.494,86.33,0,254,527596,5.61,,,
B3B_Sw_M4,Sw_M,Sw,M,3.84,0.500,0.539,20.96,0,254,474834,5.48,,,
B3B_Sw_M5,Sw_M,Sw,M,3.71,0.515,0.506,42.59,0,254,552804,5.42,,,
B3B_Lw_M8,Lw_M,Lw,M,3.67,0.472,0.457,72.84,0,254,444413,5.21,,,
B3B_Lw_M9,Lw_M,Lw,M,3.58,0.473,0.488,41.31,0,254,618015,5.29,,,
B3B_Lw_M10,Lw_M,Lw,M,3.66,0.495,0.524,65.21,0,254,524966,5.27,,,
B3B_Lw_M11,Lw_M,Lw,M,3.50,0.501,0.549,50.53,0,254,584234,6.44,,,
B3B_Lw_M12,Lw_M,Lw,M,3.29,0.361,0.375,93.94,0,254,527817,8.09,,,
B3B_Lw_M13,Lw_M,Lw,M,3.46,0.434,0.412,17.27,0,254,720417,6.82,,,
B5A_Sw_F6,Sw_F,Sw,F,3.71,0.473,0.604,79.31,0,250,570911,6.71,,,
B5A_Sw_F7,Sw_F,Sw,F,3.94,0.581,0.659,26.26,0,250,485162,5.86,,,
B5A_Sw_F8,Sw_F,Sw,F,3.87,0.479,0.659,69.17,0,254,663957,5.70,,,
B5A_Lw_F3,Lw_F,Lw,F,3.66,0.457,0.588,52.05,0,254,529276,5.54,,,
B5A_Lw_F6,Lw_F,Lw,F,3.45,0.479,0.498,51.2,0,251,467009,,,,
B5A_Lw_F8,Lw_F,Lw,F,3.70,0.464,0.433,58.92,0,254,504629,6.43,,,
B5A_Sw_M3,Sw_M,Sw,M,3.63,0.471,0.500,46.22,0,254,524126,5.92,,,
B5A_Sw_M4,Sw_M,Sw,M,3.81,0.504,0.448,70.19,0,254,459206,6.45,,,
B5A_Sw_M5,Sw_M,Sw,M,3.57,0.493,0.491,23.71,0,254,604818,5.04,IMPLANT LOST AFTER PHOTO,,
B5A_Sw_M6,Sw_M,Sw,M,3.85,0.536,0.531,34.76,0,254,681296,6.45,,,
B5A_Lw_M3,Lw_M,Lw,M,4.11,0.668,0.579,42.29,0,254,518707,6.98,,,
B5B_Sw_F3,Sw_F,Sw,F,3.76,0.481,0.581,24.03,0,254,528735,6.86,,,
B5B_Lw_F6,Lw_F,Lw,F,3.66,0.402,0.521,54.16,0,248,569404,6.72,,,
B5B_Sw_M3,Sw_M,Sw,M,3.36,0.400,0.410,60.83,0,254,667075,6.31,,,
B5B_Sw_M4,Sw_M,Sw,M,3.73,0.471,0.516,41.24,0,254,684306,6.38,,,
B5B_Sw_M6,Sw_M,Sw,M,3.73,0.515,0.503,26.26,0,254,638513,6.38,,,
B5B_Sw_M7,Sw_M,Sw,M,3.68,0.483,0.542,36.43,0,254,587866,6.79,,,
B3B_Sw_F6,Sw_F,Sw,F,3.40,0.371,0.490,22.1,0,251,504929,6.75,,,
B3B_Lw_F17,Lw_F,Lw,F,3.29,0.337,0.453,33.25,0,254,534021,6.58,,,
B3B_Lw_F18,Lw_F,Lw,F,3.49,0.368,0.460,84.12,1,254,585017,6.48,,,
B3A_Sw_F5,Sw_F,Sw,F,3.86,0.465,0.652,110.45,0,254,524365,7.38,,,
B3A_Sw_M5,Sw_M,Sw,M,3.33,0.375,0.395,41.18,0,254,631785,,,,
B3A_Sw_M6,Sw_M,Sw,M,3.15,0.371,0.366,27.42,0,254,726689,6.99,,,
B3A_Lw_F10,Lw_F,Lw,F,3.75,0.481,0.576,87.98,0,254,464484,6.78,,,
B3A_Lw_F11,Lw_F,Lw,F,3.74,0.458,0.598,26.34,0,231,572201,6.97,,,
B3A_Lw_M13,Lw_M,Lw,M,3.72,0.431,0.441,43.34,0,254,540412,11.12,,,
B3A_Lw_M14,Lw_M,Lw,M,3.85,0.499,0.549,55.91,0,254,600309,9.43,,,
B3A_Sw_MX1,Sw_M,Sw,M,3.84,0.531,0.550,76,0,254,515638,6.95,,,
B4B_Sw_M3,Sw_M,Sw,M,3.71,0.495,0.521,36.22,0,254,515353,6.77,,,
B4B_Lw_M10,Lw_M,Lw,M,3.43,0.444,0.450,31.52,0,254,555319,7.45,,,
B5A_Sw_F10,Sw_F,Sw,F,3.70,0.421,0.597,45.62,0,254,536812,4.00,,,
B5A_Lw_F10,Lw_F,Lw,F,3.86,0.530,0.585,112.84,1,254,528030,4.29,,,
B5A_Lw_F11,Lw_F,Lw,F,3.70,0.490,0.542,57.86,0,252,609081,,,,
B5A_Sw_M8,Sw_M,Sw,M,3.69,0.436,0.484,40.67,0,254,426249,4.56,,,
B5A_Sw_M9,Sw_M,Sw,M,3.88,0.563,0.565,58.67,0,254,480975,4.44,,,
B5A_Sw_M10,Sw_M,Sw,M,3.81,0.504,0.557,31.91,0,254,693798,3.98,,,
B5A_Sw_M11,Sw_M,Sw,M,3.88,0.532,0.567,42.76,0,254,626166,4.95,,,
B5A_Lw_M4,Lw_M,Lw,M,3.76,0.469,0.488,48.39,0,254,679435,4.80,,,
B5A_Lw_M5,Lw_M,Lw,M,3.60,0.470,0.509,46.88,0,254,530457,6.59,,,
B5A_Lw_M6,Lw_M,Lw,M,3.43,0.428,0.470,64.55,0,254,518135,6.10,,,
B5B_Sw_F4,Sw_F,Sw,F,3.47,0.408,0.492,74.76,0,254,571353,6.58,,,
B5B_Sw_F5,Sw_F,Sw,F,3.67,0.519,0.604,71.84,0,254,593244,6.42,,,
B5B_Lw_F7,Lw_F,Lw,F,3.55,0.391,0.507,130.02,6,254,570239,6.47,,,
B5B_Sw_M8,Sw_M,Sw,M,3.71,0.460,0.464,33.43,0,254,574638,6.43,,,
B5B_Lw_M3,Lw_M,Lw,M,3.65,0.441,0.471,59.47,0,254,627299,5.95,,,
B6_Sw_F1,Sw_F,Sw,F,3.57,0.424,0.530,36.7,0,254,677401,6.00,,,
B6_Lw_F4,Lw_F,Lw,F,3.86,0.474,0.577,51.09,0,254,656116,5.89,,,
B6_Sw_M1,Sw_M,Sw,M,3.97,0.533,0.571,61.59,0,254,705119,5.88,,,
B6_Lw_M1,Lw_M,Lw,M,4.09,0.566,0.609,39.03,0,254,607315,5.83,,,
B3A_Sw_F6,Sw_F,Sw,F,3.67,0.499,0.629,66.5,0,254,533978,5.35,,,
B3A_Lw_F12,Lw_F,Lw,F,3.88,0.538,0.546,47.48,0,254,564955,5.59,,,
B3A_Lw_M16,Lw_M,Lw,M,3.65,0.471,0.522,84.38,0,254,588811,6.25,,,
B4A_Sw_M5,Sw_M,Sw,M,4.08,0.583,0.612,33.21,0,252,580341,6.02,,,
B4A_Lw_M11,Lw_M,Lw,M,3.75,0.455,0.499,45.84,0,254,566471,4.82,,,
B4A_Lw_M12,Lw_M,Lw,M,3.99,0.594,0.606,48.25,0,254,725987,5.60,,,
B5A_Lw_F12,Lw_F,Lw,F,3.91,0.541,0.623,105.15,1,254,517803,4.92,,,
B5A_Sw_M12,Sw_M,Sw,M,3.79,0.542,0.592,40.73,0,254,574099,5.41,,,
B5A_Lw_M8,Lw_M,Lw,M,3.54,0.466,0.453,36.54,0,254,490543,4.93,,,
B5B_Sw_F6,Sw_F,Sw,F,3.65,0.474,0.556,56.9,0,254,634604,5.73,,,
B5B_Lw_F8,Lw_F,Lw,F,3.85,0.486,0.574,36.85,0,254,588120,5.28,,,
B5B_Lw_M4,Lw_M,Lw,M,3.85,0.518,0.535,40.33,0,254,553319,5.08,,,
B6_Sw_F2,Sw_F,Sw,F,3.73,0.452,0.639,59.76,0,254,447617,5.19,,,
B6_Lw_F5,Lw_F,Lw,F,3.79,0.505,0.614,63.39,0,254,536489,5.20,,,
B6_Sw_M2,Sw_M,Sw,M,3.76,0.518,0.518,58.37,0,254,486271,5.71,,,
B6_Lw_M2,Lw_M,Lw,M,4.03,0.583,0.693,39.16,0,254,502835,5.01,,,
B3A_Sw_F7,Sw_F,Sw,F,3.91,0.509,0.717,53.95,0,243,478976,5.83,,,
B3A_Sw_M8,Sw_M,Sw,M,3.70,0.531,0.609,33.05,0,254,489218,5.70,,,
B3A_Lw_M17,Lw_M,Lw,M,3.78,0.494,0.507,60.83,0,254,589198,5.64,,,
B4A_Lw_M11,Lw_M,Lw,M,3.89,0.575,0.657,52.92,0,254,519526,4.93,,,
B6_Sw_F3,Sw_F,Sw,F,3.26,0.432,0.574,39.49,0,250,485895,5.29,,,
B6_Lw_F6,Lw_F,Lw,F,3.77,0.474,0.588,120.46,4,254,441765,4.48,,,
B6_Sw_M3,Sw_M,Sw,M,4.00,0.600,0.602,70.7,0,254,486394,4.75,,,
B6_Lw_M3,Lw_M,Lw,M,3.51,0.392,0.431,68.22,0,254,587465,6.11,,,
B4A_Sw_F1,Sw_F,Sw,F,4.00,0.494,0.711,78.7,0,254,431776,5.45,,,
B4A_Lw_F11,Lw_F,Lw,F,3.63,0.383,0.503,55.65,0,254,473844,5.95,,,
B5A_Lw_FZ_1,Lw_F,Lw,F,3.71,0.503,0.530,61.02,0,254,497568,5.75,,,
B5A_Sw_FX1,Sw_F,Sw,F,3.87,0.453,0.700,33.22,0,254,480253,,,,
B5A_Lw_F14,Lw_F,Lw,F,3.58,0.490,0.557,71.94,0,254,489087,5.95,,,
B5A_Lw_F15,Lw_F,Lw,F,4.00,0.566,0.685,142.1,6,254,450526,5.88,,,
B5A_Sw_F14,Sw_F,Sw,F,4.08,0.578,0.767,35.61,0,254,435316,5.59,,,
B5A_Sw_F15,Sw_F,Sw,F,3.96,0.540,0.715,130.19,11,250,451621,5.82,,,
B6_Lw_F7,Lw_F,Lw,F,3.91,0.536,0.611,107.05,4,254,470672,5.87,,,
B6_Lw_F8,Lw_F,Lw,F,3.87,0.509,0.545,97.73,0,254,488599,4.38,,,
B6_Sw_F4,Sw_F,Sw,F,3.83,0.498,0.630,151.37,6,254,406790,5.52,,,
B6_Sw_F5,Sw_F,Sw,F,3.70,0.427,0.570,82.55,0,254,444072,6.47,,,
B6_Sw_F6,Sw_F,Sw,F,3.91,0.529,0.685,62.42,0,254,481502,6.28,,,
B7_Lw_F1,Lw_F,Lw,F,3.62,0.424,0.472,56.08,0,254,526761,7.35,,,
B7_Sw_F1,Sw_F,Sw,F,3.43,0.406,0.524,98.26,0,254,492235,6.94,,,
B5AB_Sw_F2,Sw_F,Sw,F,4.08,0.623,0.770,151.36,6,254,527282,5.74,,,
B6_24_Sw_F1,Sw_F,Sw,F,3.74,0.494,0.603,181.31,20,254,512326,7.87,,,
,Control,,,,,,207.02,30,254,898985,5.68,,,
,Control,,,,,,216.63,44,254,582040,5.41,,,
,Control,,,,,,205.79,49,254,464654,5.74,,,
,Control,,,,,,218.36,28,254,454410,5.65,,,
,Control,,,,,,204.58,44,254,488599,5.59,,,
,Control,,,,,,198.23,23,254,663255,5.59,,,
,Control,,,,,,215.14,54,254,385462,5.85,,,
,Control,,,,,,214.82,56,254,385678,4.28,,,
,Control,,,,,,216.46,49,254,496194,4.14,,,
,Control,,,,,,205.09,48,254,719365,4.14,,,
,Control,,,,,,212.31,54,254,456914,4.53,,,
,Control,,,,,,222.8,18,254,981455,4.35,,,
,Control,,,,,,216.16,37,254,484547,4.38,,,
,Control,,,,,,229.35,33,254,818321,4.43,only a portion of implant selected (very large),,
,Control,,,,,,208.41,45,254,644715,4.48,,,
,Control,,,,,,207.24,30,254,785368,4.80,,,
,Control,,,,,,201.66,50,254,760503,4.63,,,
,Control,,,,,,211.35,30,254,594322,4.21,,,
,Control,,,,,,213.23,44,254,620403,4.53,,,
,Control,,,,,,214.48,47,254,664985,,,,
,Control,,,,,,214.31,32,254,634583,7.47,,,
,Control,,,,,,196.55,28,254,906335,3.28,,,
,Control,,,,,,219.13,26,254,542781,5.68,,,
,Control,,,,,,213.46,37,254,628356,3.67,,,
,Control,,,,,,205.36,41,254,765526,4.33,,,
,Control,,,,,,207.36,15,254,623025,4.32,,,