Box_ID,Sample_ID,Morph,Sex,Phenotype,Muscle_type,Weight(Day0;g),Weight(Day14;g),Pronotum(mm),Ave_Wing_length(mm),Left_wing(mm),Right_wing(mm),W_Gonads(g),Egg_number,W_DLM(g),W_DVM(g),Color_DLM,,Note
B2,B2_Lw_F1,Lw,F,Lw_F,Lw_F_White,0.388,0.468,3.4,12.24,12.23,12.24,0.0444,71,0.0011,0.0159,White,,All wing lengths were measured using calipers on slide-mounted samples.
B2,B2_Lw_F3,Lw,F,Lw_F,Lw_F_Pink or Red,0.45,0.492,3.56,12.64,12.72,12.55,0.1069,179,0.0114,0.0268,Pink or Red,,All gonads and flight muscles were placed on filter paper and weighed as: Wsubject = (W subject + filter paper) − W filter paper
B2,B2_Sw_M3,Sw,M,Sw_M,Sw_M_White,0.393,0.391,3.47,8.56,8.76,8.36,0.0248,,0.0024,0.0184,White,,The muscle type was classified based on the colour of DLM.
B2,B2_Sw_M5,Sw,M,Sw_M,Sw_M_White,0.37,0.471,3.54,9.52,9.53,9.5,0.0193,,0.0012,0.0125,White,,
B2,B2_Lw_M3,Lw,M,Lw_M,Lw_M_White,0.435,0.418,3.4,12.47,12.43,12.5,0.0244,,0.002,0.0188,White,,
B3,B3A_Lw_FX2,Lw,F,Lw_F,Lw_F_White,0.233,0.352,2.93,10.42,10.34,10.5,0.1056,165,0.0008,0.0112,White,,
B3,B3A_Sw_F2,Sw,F,Sw_F,Sw_F_White,0.393,0.567,3.41,8.17,8.36,7.98,0.1723,324,0.0028,0.0158,White,,
B3,B3A_Lw_FX1,Lw,F,Lw_F,Lw_F_Pink or Red,0.343,0.39,3.38,11.81,11.8,11.81,0.1009,164,0.0081,0.0227,Pink or Red,,
B3,B3A_Lw_F1,Lw,F,Lw_F,Lw_F_Pink or Red,0.327,0.383,3.13,11.88,11.95,11.81,0.0612,107,0.0068,0.0183,Pink or Red,,
B3,B3A_Lw_F2,Lw,F,Lw_F,Lw_F_White,0.39,0.572,3.57,12.98,13.06,12.89,0.2448,424,0.0013,0.0194,White,,
B3,B3A_Lw_M_X1,Lw,M,Lw_M,Lw_M_White,0.43,0.441,3.6,12.83,12.98,12.67,0.0255,,0.0025,0.023,White,,
B3,B3A_Lw_F4,Lw,F,Lw_F,Lw_F_Pink or Red,0.366,0.449,3.45,12.36,12.37,12.35,0.0937,176,0.009,0.0243,Pink or Red,,
B3,B3A_Lw_MX2,Lw,M,Lw_M,Lw_M_White,0.338,0.368,3.23,11.9,11.95,11.84,0.0214,,0.0023,0.0145,White,,
B3,B3A_Sw_M2,Sw,M,Sw_M,Sw_M_White,0.38,0.412,3.51,8.74,8.47,9,0.025,,0.0032,0.0224,White,,
B3,B3A_Lw_M1,Lw,M,Lw_M,Lw_M_White,0.35,0.371,3.29,12.06,12.06,,0.0229,,0.0026,0.0202,White,,
B3,B3A_Lw_M3,Lw,M,Lw_M,Lw_M_White,0.436,0.471,3.57,12.76,12.66,12.85,0.0245,,0.002,0.0185,White,,
B3,B3A_Lw_M4,Lw,M,Lw_M,Lw_M_White,0.349,0.41,3.41,13.03,13.22,12.83,0.0234,,0.0034,0.0167,White,,
B3,B3B_Sw_F1,Sw,F,Sw_F,Sw_F_White,0.346,0.502,3.39,7.56,7.22,7.89,0.196,333,0.0017,0.014,White,,
B3,B3B_Sw_F2,Sw,F,Sw_F,Sw_F_White,0.361,0.521,3.45,,,,0.18,321,0.0008,0.0142,White,,
B3,B3B_Sw_M_X1,Sw,M,Sw_M,Sw_M_White,0.427,0.446,3.61,9.67,9.1,10.24,0.0251,,0.0024,0.0187,White,,
B3,B3B_Lw_F1,Lw,F,Lw_F,Lw_F_White,0.378,0.535,3.37,12.18,12.19,12.17,0.2103,371,0.001,0.0167,White,,
B3,B3B_Lw_F2,Lw,F,Lw_F,Lw_F_Pink or Red,0.321,0.405,3.22,11.31,11.29,11.33,0.1045,174,0.0082,0.0203,Pink or Red,,
B3,B3B_Lw_F9,Lw,F,Lw_F,Lw_F_Pink or Red,0.394,0.442,3.45,12.3,12.35,12.24,0.0825,151,0.0068,0.024,Pink or Red,,
B3,B3B_Sw_M1,Sw,M,Sw_M,Sw_M_White,0.411,0.421,3.47,9.4,9.36,9.44,0.0247,,0.0029,0.0178,White,,
B3,B3B_Sw_M2,Sw,M,Sw_M,Sw_M_White,0.367,0.361,3.16,7.95,7.98,7.91,0.0237,,0.0028,0.0164,White,,
B3,B3B_Lw_M1,Lw,M,Lw_M,Lw_M_White,0.373,0.416,3.35,12.5,12.68,12.32,0.0273,,0.0021,0.0155,White,,
B3,B3B_Lw_M2,Lw,M,Lw_M,Lw_M_White,0.326,0.355,3.3,12.09,12.07,12.11,0.0211,,0.0014,0.0166,White,,
B3,B3B_Lw_M3,Lw,M,Lw_M,Lw_M_White,0.305,0.334,3.24,12.28,12.18,12.37,0.0179,,0.0019,0.0124,White,,
B3,B3B_Lw_M4,Lw,M,Lw_M,Lw_M_White,0.327,0.353,3.24,12.07,11.95,12.18,0.0214,,0.002,0.0155,White,,
B4,B4A_Lw_M2,Lw,M,Lw_M,Lw_M_White,0.396,0.431,3.44,12.98,13.16,12.8,0.0204,,0.0024,0.0196,White,,
B4,B4A_Lw_M3,Lw,M,Lw_M,Lw_M_White,0.403,0.431,3.45,12.89,12.9,12.87,0.0276,,0.0025,0.0182,White,,
B4,B4A_Lw_M4,Lw,M,Lw_M,Lw_M_White,0.441,0.454,3.56,12.57,12.48,12.65,0.0299,,0.0023,0.0199,White,,
B4,B4B_Sw_M1,Sw,M,Sw_M,Sw_M_White,0.418,0.452,3.61,8.96,8.76,9.16,0.0265,,0.0014,0.0194,White,,
B4,B4B_Sw_M2,Sw,M,Sw_M,Sw_M_White,0.511,0.546,3.85,9.54,10.85,8.23,0.0292,,0.0027,0.0274,White,,
B4,B4B_Lw_M1,Lw,M,Lw_M,Lw_M_White,0.402,0.423,3.41,12.69,12.7,12.68,0.0237,,0.0027,0.0185,White,,
B4,B4B_Lw_M2,Lw,M,Lw_M,Lw_M_White,0.434,0.471,3.54,12.83,12.87,12.79,0.0261,,0.0025,0.0232,White,,
B4,B4B_Lw_M3,Lw,M,Lw_M,Lw_M_Pink or Red,0.497,0.501,3.81,13.81,13.91,13.7,0.0264,,0.0079,0.0262,Pink or Red,,
B4,B4B_Lw_M4,Lw,M,Lw_M,Lw_M_White,0.521,0.548,3.83,13.37,,13.37,0.0307,,0.0059,0.0274,White,,
B5,B5A_Sw_F1,Sw,F,Sw_F,Sw_F_White,0.354,0.46,3.45,8.55,8.68,8.41,0.1372,237,0.0016,0.0177,White,,
B5,B5A_Sw_F2,Sw,F,Sw_F,Sw_F_White,0.37,0.526,3.42,8.87,9.05,8.68,0.1621,331,0.0023,0.0187,White,,
B5,B5A_Sw_F3,Sw,F,Sw_F,Sw_F_White,0.346,0.473,3.43,8.01,8.04,7.97,0.1679,315,0.0012,0.0172,White,,
B5,B5A_Sw_F4,Sw,F,Sw_F,Sw_F_White,0.422,0.627,3.55,7.68,6.28,9.08,0.2163,302,0.0019,0.0197,White,,
B5,B5A_Lw_FX1,Lw,F,Lw_F,Lw_F_Pink or Red,0.361,0.415,3.46,12.38,12.37,12.39,0.0867,149,0.0086,0.0242,Pink or Red,,
B5,B5A_Lw_F1,Lw,F,Lw_F,Lw_F_Pink or Red,0.428,0.518,3.66,12.62,12.6,12.64,0.1031,172,0.0139,0.0324,Pink or Red,,
B5,B5A_Sw_M1,Sw,M,Sw_M,Sw_M_White,0.408,0.424,3.4,10.09,9.99,10.19,0.0268,,0.0022,0.0199,White,,
B5,B5B_Sw_F1,Sw,F,Sw_F,Sw_F_White,0.35,0.466,3.28,7.94,8.22,7.65,0.1784,322,0.0011,0.014,White,,
B5,B5B_Sw_F2,Sw,F,Sw_F,Sw_F_White,0.437,0.487,3.35,,,,0.1607,285,0.002,0.0182,White,,
B5,B5B_Lw_F1,Lw,F,Lw_F,Lw_F_Pink or Red,0.433,0.533,3.71,12.66,12.77,12.55,0.0955,,0.0117,0.0299,Pink or Red,,
B5,B5B_Lw_F2,Lw,F,Lw_F,Lw_F_Pink or Red,0.44,0.538,3.77,12.86,12.93,12.79,0.1009,200,0.0122,0.0297,Pink or Red,,
B5,B5B_Lw_F3,Lw,F,Lw_F,Lw_F_Pink or Red,0.383,0.42,3.49,12.47,12.47,12.46,0.0825,155,0.0091,0.0254,Pink or Red,,
B5,B5B_Lw_F4,Lw,F,Lw_F,Lw_F_White,0.381,0.515,3.52,12.11,12.07,12.15,0.1268,232,0.002,0.0184,White,,
B2,B2_Lw_F4,Lw,F,Lw_F,Lw_F_White,0.405,0.532,3.56,12.6,12.61,12.58,0.0626,112,0.0025,0.0109,White,,
B2,B2_Lw_F5,Lw,F,Lw_F,Lw_F_White,0.43,0.589,3.52,13.29,13.23,13.35,0.1513,267,0.0015,0.0153,White,,
B3,B3B_Lw_M7,Lw,M,Lw_M,Lw_M_White,0.304,0.293,3.14,12.69,12.5,12.88,0.018,,0.0022,0.0115,White,,
B3,B3B_Sw_M3,Sw,M,Sw_M,Sw_M_White,0.318,0.318,3.16,8.06,8.14,7.97,0.0229,,0.0012,0.0165,White,,
B4,B4A_Sw_M1,Sw,M,Sw_M,Sw_M_White,0.423,0.427,3.6,8.89,9.11,8.67,0.0242,,0.0018,0.0206,White,,
B4,B4A_Lw_M6,Lw,M,Lw_M,Lw_M_White,0.435,0.48,3.69,13.29,13.3,13.27,0.0263,,0.0029,0.0202,White,,
B4,B4A_Lw_M7,Lw,M,Lw_M,Lw_M_White,0.467,0.463,3.54,13.1,13.16,13.04,0.0284,,0.0038,0.0235,White,,
B5,B5A_Sw_M2,Sw,M,Sw_M,Sw_M_White,0.499,0.555,3.78,9.71,9.69,9.72,0.0304,,0.0033,0.0233,White,,
B5,B5B_Sw_M1,Sw,M,Sw_M,Sw_M_White,0.446,0.515,3.68,,9.54(little damage),,0.0323,,0.0028,0.0232,White,,
B5,B5B_Lw_M1,Lw,M,Lw_M,Lw_M_White,0.479,0.518,3.77,12.78,12.77,12.79,0.0284,,0.0044,0.0201,White,,
B5,B5B_Lw_M2,Lw,M,Lw_M,Lw_M_White,0.496,0.514,3.97,13.42,13.47,13.36,0.0268,,0.0036,0.02,White,,
B3,B3A_Lw_FX3,Lw,F,Lw_F,Lw_F_Pink or Red,0.431,0.478,3.67,12.69,12.68,12.7,0.1235,206,0.0063,0.023,Pink or Red,,
B3,B3A_Lw_F6,Lw,F,Lw_F,Lw_F_Pink or Red,0.367,0.396,3.5,12.03,12.06,12,0.0742,123,0.0081,0.0211,Pink or Red,,
B3,B3A_Lw_F7,Lw,F,Lw_F,Lw_F_Pink or Red,0.446,0.477,3.63,12.66,12.63,12.69,0.1067,187,0.0105,0.0299,Pink or Red,,
B3,B3A_Lw_F8,Lw,F,Lw_F,Lw_F_Pink or Red,0.41,0.565,3.49,12.84,12.78,12.9,0.1056,168,0.0071,0.0241,Pink or Red,,
B3,B3A_Lw_F9,Lw,F,Lw_F,Lw_F_Pink or Red,0.514,0.652,3.81,13.52,13.49,13.54,0.1381,219,0.0122,0.03,Pink or Red,,
B3,B3A_Sw_M3,Sw,M,Sw_M,Sw_M_White,0.51,0.597,3.59,10.16,10.01,10.3,0.0212,,0.0018,0.0197,White,,
B3,B3A_Lw_M11,Lw,M,Lw_M,Lw_M_White,0.375,0.397,3.43,12.39,12.46,12.31,0.0262,,0.0039,0.0175,White,,
B3,B3A_Lw_M12,Lw,M,Lw_M,Lw_M_White,0.46,0.45,3.54,13.05,13.05,13.04,0.0228,,0.0062,0.0214,White,,
B3,B3B_Sw_F4,Sw,F,Sw_F,Sw_F_White,0.477,0.623,3.67,,,9.06,0.2175,375,0.0019,0.0233,White,,
B3,B3B_Sw_F5,Sw,F,Sw_F,Sw_F_White,0.445,0.593,3.71,9.09,10.27,7.91,0.2069,372,0.0017,0.0207,White,,
B3,B3B_Lw_F12,Lw,F,Lw_F,Lw_F_Pink or Red,0.471,0.535,3.67,13.05,13.13,12.96,0.1185,195,0.0115,0.0325,Pink or Red,,
B3,B3B_Sw_FX1,Sw,F,Sw_F,Sw_F_White,0.36,0.506,3.7,8.68,8.72,8.63,0.1704,303,0.0017,0.0181,White,,
B3,B3B_Lw_F16,Lw,F,Lw_F,Lw_F_Pink or Red,0.465,0.494,3.77,13.78,13.82,13.73,0.0879,137,0.0142,0.0322,Pink or Red,,
B3,B3B_Sw_M4,Sw,M,Sw_M,Sw_M_White,0.5,0.539,3.84,9.52,9.55,9.49,0.0286,,0.0041,0.0268,White,,
B3,B3B_Sw_M5,Sw,M,Sw_M,Sw_M_White,0.515,0.506,3.71,9.87,9.73,10.01,0.0297,,0.0022,0.0259,White,,
B3,B3B_Lw_M8,Lw,M,Lw_M,Lw_M_White,0.472,0.457,3.67,13.49,13.43,13.54,0.0266,,0.0035,0.02,White,,
B3,B3B_Lw_M9,Lw,M,Lw_M,Lw_M_White,0.473,0.488,3.58,13.5,13.43,13.57,0.023,,0.0072,0.0218,White,,
B3,B3B_Lw_M10,Lw,M,Lw_M,Lw_M_White,0.495,0.524,3.66,13.36,13.4,13.32,0.0303,,0.0032,0.0217,White,,
B3,B3B_Lw_M11,Lw,M,Lw_M,Lw_M_White,0.501,0.549,3.5,12.68,12.76,12.6,0.0245,,0.0062,0.0246,White,,
B3,B3B_Lw_M12,Lw,M,Lw_M,Lw_M_White,0.361,0.375,3.29,12.36,12.37,12.34,0.0203,,0.0021,0.0192,White,,
B3,B3B_Lw_M13,Lw,M,Lw_M,Lw_M_White,0.434,0.412,3.46,12.21,12.39,12.03,0.0246,,0.0038,0.0194,White,,
B5,B5A_Sw_F6,Sw,F,Sw_F,Sw_F_White,0.473,0.604,3.71,9.14,9.15,9.13,0.2039,354,0.0016,0.0189,White,,
B5,B5A_Sw_F7,Sw,F,Sw_F,Sw_F_White,0.581,0.659,3.94,9.97,9.97,,0.2166,404,0.0021,0.022,White,,
B5,B5A_Sw_F8,Sw,F,Sw_F,Sw_F_White,0.479,0.659,3.87,9.47,9.65,9.29,0.2554,432,0.0021,0.0211,White,,
B5,B5A_Lw_F3,Lw,F,Lw_F,Lw_F_Pink or Red,0.457,0.588,3.66,13.23,13.22,13.24,0.1208,184,0.0094,0.0276,Pink or Red,,
B5,B5A_Lw_F6,Lw,F,Lw_F,Lw_F_Pink or Red,0.479,0.498,3.45,12.12,12.15,12.09,0.1165,206,0.0103,0.0278,Pink or Red,,
B5,B5A_Lw_F8,Lw,F,Lw_F,Lw_F_Pink or Red,0.464,0.433,3.7,13.23,13.21,13.24,0.0819,136,0.0094,0.0283,Pink or Red,,
B5,B5A_Sw_M3,Sw,M,Sw_M,Sw_M_White,0.471,0.5,3.63,9.27,9,9.53,0.0287,,0.0029,0.0177,White,,
B5,B5A_Sw_M4,Sw,M,Sw_M,Sw_M_White,0.504,0.448,3.81,10.2,10.21,10.19,0.0298,,0.0019,0.0236,White,,
B5,B5A_Sw_M5,Sw,M,Sw_M,Sw_M_White,0.493,0.491,3.57,9.26,9.56,8.95,0.028,,0.0046,0.0225,White,,
B5,B5A_Sw_M6,Sw,M,Sw_M,Sw_M_White,0.536,0.531,3.85,9.78,10.08,9.48,0.0323,,0.0048,0.0223,White,,
B5,B5A_Lw_M3,Lw,M,Lw_M,Lw_M_Pink or Red,0.668,0.579,4.11,14.29,14.18,14.39,0.0261,,0.0141,0.0369,Pink or Red,,
B5,B5B_Sw_F3,Sw,F,Sw_F,Sw_F_White,0.481,0.581,3.76,8.92,8.92,,0.1935,354,0.002,0.0196,White,,
B5,B5B_Lw_F6,Lw,F,Lw_F,Lw_F_Pink or Red,0.402,0.521,3.66,13.08,13.06,13.09,0.1466,220,0.0112,0.03,Pink or Red,,
B5,B5B_Sw_M3,Sw,M,Sw_M,Sw_M_White,0.4,0.41,3.36,9.49,9.63,9.35,0.0222,,0.0025,0.0197,White,,
B5,B5B_Sw_M4,Sw,M,Sw_M,Sw_M_White,0.471,0.516,3.73,10.21,9.81,10.61,0.029,,0.0019,0.022,White,,
B5,B5B_Sw_M6,Sw,M,Sw_M,Sw_M_White,0.515,0.503,3.73,8.73,8.85,8.61,0.027,,0.0036,0.0251,White,,
B5,B5B_Sw_M7,Sw,M,Sw_M,Sw_M_White,0.483,0.542,3.68,9.45,9.37,9.53,0.031,,0.0035,0.0267,White,,
B3,B3B_Sw_F6,Sw,F,Sw_F,Sw_F_White,0.371,0.49,3.4,,,7.81(slightly broken),0.1731,282,0.0008,0.0158,White,,
B3,B3B_Lw_F17,Lw,F,Lw_F,Lw_F_White,0.337,0.453,3.29,11.88,11.89,11.86,0.1367,227,0.0062,0.0161,White,,
B3,B3B_Lw_F18,Lw,F,Lw_F,Lw_F_White,0.368,0.46,3.49,12.4,12.45,12.34,0.1123,183,0.0023,0.0111,White,,
B3,B3A_Sw_F5,Sw,F,Sw_F,Sw_F_White,0.465,0.652,3.86,8.9,8.94,8.86,0.2155,368,0.0017,0.0201,White,,
B4,B3A_Sw_M5,Sw,M,Sw_M,Sw_M_White,0.375,0.395,3.33,9.14,9.27,9.01,0.0206,,0.0011,0.0137,White,,
B5,B3A_Sw_M6,Sw,M,Sw_M,Sw_M_White,0.371,0.366,3.15,7.79,7.56,8.02,0.021,,0.0026,0.0159,White,,
B3,B3A_Lw_F10,Lw,F,Lw_F,Lw_F_Pink or Red,0.481,0.576,3.75,13.05,13.04,13.06,0.131,205,0.0075,0.0205,Pink or Red,,
B3,B3A_Lw_F11,Lw,F,Lw_F,Lw_F_Pink or Red,0.458,0.598,3.74,13.18,13.21,13.15,0.157,263,0.011,0.0306,Pink or Red,,
,B3A_Lw_M13,Lw,M,Lw_M,Lw_M_White,0.431,0.441,3.72,13.27,13.37,13.16,0.0267,,0.0026,0.0189,White,,
B3,B3A_Lw_M14,Lw,M,Lw_M,Lw_M_White,0.499,0.549,3.85,13.52,13.53,13.51,0.0264,,0.0037,0.0219,White,,
B3,B3A_Sw_MX1,Sw,M,Sw_M,Sw_M_White,0.531,0.55,3.84,10.28,10.61,9.95,0.0311,,0.0039,0.0229,White,,
B4,B4A_Lw_M10,Lw,M,Lw_M,Lw_M_White,0.471,0.483,3.72,13.61,13.62,13.59,0.022,,0.0034,0.02,White,,
B4,B4B_Sw_M3,Sw,M,Sw_M,Sw_M_White,0.495,0.521,3.71,9.66,9.55,9.77,0.0264,,0.0029,0.0235,White,,
B4,B4B_Lw_M10,Lw,M,Lw_M,Lw_M_White,0.444,0.45,3.43,12.92,12.89,12.94,0.0224,,0.0028,0.0219,White,,
B5,B5A_Sw_F10,Sw,F,Sw_F,Sw_F_White,0.421,0.597,3.7,9.05,9.32,8.78,0.1827,329,0.0017,0.0174,White,,
B5,B5A_Lw_F10,Lw,F,Lw_F,Lw_F_Pink or Red,0.53,0.585,3.86,13.32,13.28,13.36,0.1483,279,0.014,0.0338,Pink or Red,,
B5,B5A_Lw_F11,Lw,F,Lw_F,Lw_F_Pink or Red,0.49,0.542,3.7,12.81,12.91,12.7,0.1367,216,0.0114,0.0297,Pink or Red,,
B5,B5A_Sw_M7,Sw,M,Sw_M,Sw_M_White,0.376,0.408,3.4,9.08,9.29,8.87,0.022,,0.0032,0.0195,White,,
B5,B5A_Sw_M8,Sw,M,Sw_M,Sw_M_White,0.436,0.484,3.69,9.96,9.86,10.05,0.0272,,0.0025,0.0226,White,,
B5,B5A_Sw_M9,Sw,M,Sw_M,Sw_M_White,0.563,0.565,3.88,10.23,10.38,10.08,0.0325,,0.0029,0.0245,White,,
B5,B5A_Sw_M10,Sw,M,Sw_M,Sw_M_White,0.504,0.557,3.81,10.16,10.32,9.99,0.032,,0.0032,0.0232,White,,
B5,B5A_Sw_M11,Sw,M,Sw_M,Sw_M_White,0.532,0.567,3.88,10.32,10.34,10.29,0.0351,,0.0035,0.0266,White,,
B5,B5A_Lw_M4,Lw,M,Lw_M,Lw_M_White,0.469,0.488,3.76,13.21,13.32,13.1,0.0278,,0.0034,0.0178,White,,
B5,B5A_Lw_M5,Lw,M,Lw_M,Lw_M_Pink or Red,0.47,0.509,3.6,13.34,13.54,13.13,0.0278,,0.0078,0.0204,Pink or Red,,
B5,B5A_Lw_M6,Lw,M,Lw_M,Lw_M_White,0.428,0.47,3.43,12.67,12.66,12.67,0.0295,,0.0037,0.0207,White,,
B5,B5B_Sw_F4,Sw,F,Sw_F,Sw_F_White,0.408,0.492,3.47,8.62,8.75,8.48,0.1501,293,0.0015,0.0149,White,,
B5,B5B_Sw_F5,Sw,F,Sw_F,Sw_F_White,0.519,0.604,3.67,8.78,8.74,8.81,0.1861,347,0.0017,0.019,White,,
B5,B5B_Lw_F7,Lw,F,Lw_F,Lw_F_White,0.391,0.507,3.55,12.16,12.16,12.15,0.1118,162,0.0047,0.0172,White,,
B5,B5B_Sw_M8,Sw,M,Sw_M,Sw_M_White,0.46,0.464,3.71,9.06,8.73,9.39,0.0266,,0.0022,0.0173,White,,
B5,B5B_Lw_M3,Lw,M,Lw_M,Lw_M_White,0.441,0.471,3.65,13.06,13.1,13.01,0.0289,,0.0032,0.0215,White,,
B6,B6_Sw_F1,Sw,F,Sw_F,Sw_F_White,0.424,0.53,3.57,,,,0.1629,282,0.0011,0.019,White,,
B6,B6_Lw_F4,Lw,F,Lw_F,Lw_F_Pink or Red,0.474,0.577,3.86,13.47,13.45,13.48,0.1397,229,0.0105,0.0277,Pink or Red,,
B6,B6_Sw_M1,Sw,M,Sw_M,Sw_M_White,0.533,0.571,3.97,10.11,10.02,10.19,0.0305,,0.0037,0.0244,White,,
B6,B6_Lw_M1,Lw,M,Lw_M,Lw_M_White,0.566,0.609,4.09,13.93,13.86,13.99,0.027,,0.0037,0.025,White,,
B3,B3A_Sw_F6,Sw,F,Sw_F,Sw_F_White,0.499,0.629,3.67,9.11,9.17,9.05,0.2184,395,0.0021,0.0197,White,,
B3,B3A_Lw_F12,Lw,F,Lw_F,Lw_F_Pink or Red,0.538,0.546,3.88,13.12,13.1,13.14,0.0961,153,0.0144,0.0365,Pink or Red,,
B3,B3A_Sw_M7,Sw,M,Sw_M,Sw_M_White,0.472,0.545,3.77,9.73,9.7,9.75,0.0278,,0.0023,0.0258,White,,
B3,B3A_Lw_M16,Lw,M,Lw_M,Lw_M_White,0.471,0.522,3.65,13.2,13.3,13.1,0.0261,,0.0055,0.0219,White,,
B4,B4A_Sw_M4,Sw,M,Sw_M,Sw_M_White,0.434,0.405,3.51,9.27,9.47,9.07,0.022,,0.0019,0.0174,White,,
B4,B4A_Sw_M5,Sw,M,Sw_M,Sw_M_White,0.583,0.612,4.08,7.64,6.69,8.58,0.0335,,0.0039,0.0284,White,,
B4,B4A_Lw_M11-1,Lw,M,Lw_M,Lw_M_White,0.455,0.499,3.75,12.9,12.98,12.81,0.0281,,0.0043,0.0236,White,,
B4,B4A_Lw_M12,Lw,M,Lw_M,Lw_M_White,0.594,0.606,3.99,14.32,14.22,14.41,0.0267,,0.0058,0.0236,White,,
B5,B5A_Lw_F12,Lw,F,Lw_F,Lw_F_Pink or Red,0.541,0.623,3.91,13.45,13.47,13.42,0.1565,246,0.0134,0.0335,Pink or Red,,
B5,B5A_Sw_M12,Sw,M,Sw_M,Sw_M_White,0.542,0.592,3.79,10.09,10.35,9.82,0.0308,,0.0029,0.0258,White,,
B5,B5A_Lw_M8,Lw,M,Lw_M,Lw_M_Pink or Red,0.466,0.453,3.54,12.69,12.73,12.65,0.0248,,0.0103,0.0271,Pink or Red,,
B5,B5B_Sw_F6,Sw,F,Sw_F,Sw_F_White,0.474,0.556,3.65,8.86,8.86,,0.1894,322,0.0021,0.0201,White,,
B5,B5B_Lw_F8,Lw,F,Lw_F,Lw_F_Pink or Red,0.486,0.574,3.85,13.17,13.19,13.15,0.134,244,0.0147,0.0347,Pink or Red,,
B5,B5B_Sw_M9,Sw,M,Sw_M,Sw_M_White,0.457,0.487,3.56,9.28,9.35,9.21,0.0272,,0.0032,0.021,White,,
B6,B5B_Lw_M4,Lw,M,Lw_M,Lw_M_White,0.518,0.535,3.85,13.39,13.53,13.25,0.0297,,0.0067,0.0228,White,,
B6,B6_Sw_F2,Sw,F,Sw_F,Sw_F_White,0.452,0.639,3.73,8.59,8.59,,0.1982,365,0.0014,0.0192,White,,
B6,B6_Lw_F5,Lw,F,Lw_F,Lw_F_Pink or Red,0.505,0.614,3.79,12.93,12.97,12.88,0.1279,223,0.0119,0.0338,Pink or Red,,
B6,B6_Sw_M2,Sw,M,Sw_M,Sw_M_White,0.518,0.518,3.76,7.94,7.47,8.41,0.0269,,0.0028,0.0191,White,,
B6,B6_Lw_M2,Lw,M,Lw_M,Lw_M_Pink or Red,0.583,0.693,4.03,13.73,13.81,13.65,0.0285,,0.0119,0.032,Pink or Red,,
B6,B3A_Sw_F7,Sw,F,Sw_F,Sw_F_White,0.509,0.717,3.91,9.57,9.74,9.39,0.1962,317,0.007,0.0256,White,,
B4,B3A_Sw_M8,Sw,M,Sw_M,Sw_M_White,0.531,0.609,3.7,10.54,10.57,10.5,0.0357,,0.0019,0.0234,White,,
B5,B3A_Lw_M17,Lw,M,Lw_M,Lw_M_White,0.494,0.507,3.78,13.38,13.49,13.26,0.0254,,0.0042,0.0254,White,,
B4,B4A_Lw_M11-2,Lw,M,Lw_M,Lw_M_White,0.575,0.657,3.89,14.13,14.17,14.09,0.0254,,0.0026,0.0245,White,,
B6,B6_Sw_F3,Sw,F,Sw_F,Sw_F_White,0.432,0.574,3.26,9.27,9.26,9.28,0.1724,309,0.0021,0.0172,White,,
B6,B6_Lw_F6,Lw,F,Lw_F,Lw_F_Pink or Red,0.474,0.588,3.77,13.06,13.07,13.05,0.1201,190,0.0145,0.0329,Pink or Red,,
B6,B6_Sw_M3,Sw,M,Sw_M,Sw_M_White,0.6,0.602,4,9.83,9.89,9.76,0.0251,,0.0029,0.0258,White,,
B6,B6_Lw_M3,Lw,M,Lw_M,Lw_M_Pink or Red,0.392,0.431,3.51,12.47,12.46,12.47,0.018,,0.0063,0.0178,Pink or Red,,
B4,B4A_Sw_F1,Sw,F,Sw_F,Sw_F_White,0.494,0.711,4,9.55,9.79,9.31,0.2485,431,0.0009,0.0216,White,,
B4,B4A_Lw_F11,Lw,F,Lw_F,Lw_F_White,0.383,0.503,3.63,12.12,12.14,12.09,0.1526,257,0.0032,0.0154,White,,
B5,B5A_Lw_FZ_1,Lw,F,Lw_F,Lw_F_Pink or Red,0.503,0.53,3.71,13.95,13.95,,0.1091,205,0.0128,0.0311,Pink or Red,,
B5,B5A_Sw_FX1,Sw,F,Sw_F,Sw_F_White,0.453,0.7,3.87,9.04,9.07,9.01,0.2244,392,0.0007,0.0174,White,,
B5,B5A_Lw_F14,Lw,F,Lw_F,Lw_F_Pink or Red,0.49,0.557,3.58,12.69,12.68,12.7,0.1086,179,0.0113,0.0262,Pink or Red,,
B5,B5A_Lw_F15,Lw,F,Lw_F,Lw_F_Pink or Red,0.49,0.557,4,13.83,13.85,13.8,0.1529,262,0.0149,0.0372,Pink or Red,,
B5,B5A_Sw_F14,Sw,F,Sw_F,Sw_F_White,0.578,0.767,4.08,9.09,9.69,8.48,0.2481,420,0.0026,0.0199,White,,
B5,B5A_Sw_F15,Sw,F,Sw_F,Sw_F_White,0.566,0.685,3.96,9.63,9.95,9.31,0.2377,436,0.002,0.023,White,,
B6,B6_Lw_F7,Lw,F,Lw_F,Lw_F_Pink or Red,0.536,0.611,3.91,13.67,13.74,13.59,0.1352,221,0.0109,0.0255,Pink or Red,,
B6,B6_Lw_F8,Lw,F,Lw_F,Lw_F_Pink or Red,0.509,0.545,3.87,12.9,12.87,12.93,0.1484,232,0.0113,0.0303,Pink or Red,,
B6,B6_Sw_F4,Sw,F,Sw_F,Sw_F_White,0.498,0.63,3.83,8.56,,8.56,0.2093,398,0.0006,0.0164,White,,
B6,B6_Sw_F5,Sw,F,Sw_F,Sw_F_White,0.427,0.57,3.7,8.73,8.93,8.52,0.1991,363,0.0026,0.0194,White,,
B6,B6_Sw_F6,Sw,F,Sw_F,Sw_F_White,0.529,0.685,3.91,9.57,9.54,9.59,0.257,432,0.0021,0.0232,White,,
B6,B6_Sw_F7,Sw,F,Sw_F,Sw_F_White,0.55,0.717,3.87,8.84,8.84,,0.2337,382,0.0032,0.0266,White,,
B7,B7_Lw_F1,Lw,F,Lw_F,Lw_F_Pink or Red,0.424,0.472,3.62,12.07,12.05,12.08,0.0924,163,0.0116,0.0285,Pink or Red,,
B7,B7_Sw_F1,Sw,F,Sw_F,Sw_F_White,0.406,0.524,3.43,7.98,8.05,7.9,0.1877,335,0.0019,0.0162,White,,
B5,B5AB_Sw_F2,Sw,F,Sw_F,Sw_F_White,0.623,0.77,4.08,10.12,10.63,9.61,0.2644,429,0.0029,0.0249,White,,
B6,B6_24_Sw_F1,Sw,F,Sw_F,Sw_F_White,0.494,0.603,3.74,9.59,9.43,9.74,0.1991,346,0.0017,0.0183,White,,