Class,GO_Name,GO_ID,GO_Level,P_value,EnrichmentScore,HitsGenesCountsInSelectedSet,HitsGenesCountsInBackground,AllGenesCountsInSelectedSet,AllGenesCountsInBackground,GenesOfSelectedSetInGOterm,padj_BH
Molecular function,structural constituent of chitin-based cuticle,GO:0005214,4,2.22E-16,14.25876011,20,42,159,4761,"TOC.2T.01430,TOC.2T.01424,TOC.2T.01425,TOC.3T.01526,TOC.4T.00713,TOC.4T.00702,TOC.3T.01490,TOC.3T.01492,TOC.8T.00564,TOC.8T.00558,TOC.8T.00552,TOC.7T.01336,TOC.8T.00571,TOC.2T.01395,TOC.4T.01356,TOC.4T.01332,TOC.7T.01315,TOC.1T.00781,TOC.2T.01972,TOC.6T.00964,",8.88E-14
Molecular function,structural constituent of cuticle,GO:0042302,3,2.22E-16,14.25876011,20,42,159,4761,"TOC.2T.01430,TOC.2T.01424,TOC.2T.01425,TOC.3T.01526,TOC.4T.00713,TOC.4T.00702,TOC.3T.01490,TOC.3T.01492,TOC.8T.00564,TOC.8T.00558,TOC.8T.00552,TOC.7T.01336,TOC.8T.00571,TOC.2T.01395,TOC.4T.01356,TOC.4T.01332,TOC.7T.01315,TOC.1T.00781,TOC.2T.01972,TOC.6T.00964,",8.88E-14
Molecular function,structural constituent of chitin-based larval cuticle,GO:0008010,5,2.22E-16,14.56705762,18,37,159,4761,"TOC.2T.01430,TOC.2T.01424,TOC.2T.01425,TOC.3T.01526,TOC.4T.00713,TOC.4T.00702,TOC.3T.01490,TOC.3T.01492,TOC.8T.00564,TOC.8T.00558,TOC.8T.00552,TOC.7T.01336,TOC.8T.00571,TOC.2T.01395,TOC.4T.01356,TOC.7T.01315,TOC.2T.01972,TOC.6T.00964,",8.88E-14
Molecular function,"hydrolase activity, acting on glycosyl bonds",GO:0016798,4,1.39E-05,4.381960423,12,82,159,4761,"TOC.5T.00142,TOC.6T.00416,TOC.1T.01583,TOC.7T.00087,TOC.5T.00282,TOC.7T.00613,TOC.7T.00614,TOC.2T.01765,TOC.1T.02376,TOC.1T.02377,TOC.3T.00053,TOC.3T.02204,",0.001388642
Molecular function,oxidoreductase activity,GO:0016491,3,2.89E-05,2.46110106,24,292,159,4761,"TOC.4T.00080,TOC.5T.00581,TOC.5T.00582,TOC.2T.02323,TOC.5T.01681,TOC.8T.00537,TOC.4T.00655,TOC.4T.00879,TOC.9T.00430,TOC.7T.01189,TOC.8T.01039,TOC.4T.00698,TOC.5T.01350,TOC.7T.00624,TOC.5T.01338,TOC.5T.01341,TOC.5T.01342,TOC.7T.00467,TOC.5T.00813,TOC.4T.00141,TOC.3T.00469,TOC.3T.00482,TOC.5T.00411,TOC.1T.00906,",0.002311255
Molecular function,"hydrolase activity, hydrolyzing O-glycosyl compounds",GO:0004553,5,3.14E-05,4.391698113,11,75,159,4761,"TOC.5T.00142,TOC.6T.00416,TOC.1T.01583,TOC.7T.00087,TOC.5T.00282,TOC.7T.00613,TOC.7T.00614,TOC.2T.01765,TOC.1T.02376,TOC.1T.02377,TOC.3T.00053,",0.002096228
Molecular function,monooxygenase activity,GO:0004497,4,1.32E-04,7.186415094,6,25,159,4761,"TOC.5T.00581,TOC.5T.00582,TOC.5T.01681,TOC.4T.00655,TOC.8T.01039,TOC.5T.00813,",0.007540805
Molecular function,chitin binding,GO:0008061,4,2.35E-04,8.317610063,5,18,159,4761,"TOC.7T.00613,TOC.7T.00614,TOC.3T.00053,TOC.2T.01027,TOC.2T.01046,",0.011744584
Molecular function,serine-type peptidase activity,GO:0008236,5,2.98E-04,4.083190395,9,66,159,4761,"TOC.8T.00640,TOC.1T.00609,TOC.4T.01020,TOC.2T.00883,TOC.2T.00886,TOC.5T.00854,TOC.5T.00697,TOC.5T.01754,TOC.5T.01749,",0.013240954
Molecular function,serine hydrolase activity,GO:0017171,4,3.75E-04,3.963096559,9,68,159,4761,"TOC.8T.00640,TOC.1T.00609,TOC.4T.01020,TOC.2T.00883,TOC.2T.00886,TOC.5T.00854,TOC.5T.00697,TOC.5T.01754,TOC.5T.01749,",0.012487458
Molecular function,serine-type endopeptidase activity,GO:0004252,6,6.00E-04,4.130123617,8,58,159,4761,"TOC.8T.00640,TOC.1T.00609,TOC.2T.00883,TOC.2T.00886,TOC.5T.00854,TOC.5T.00697,TOC.5T.01754,TOC.5T.01749,",0.018463617
Molecular function,structural molecule activity,GO:0005198,2,6.13E-04,2.153463427,21,292,159,4761,"TOC.2T.01430,TOC.2T.01424,TOC.2T.01425,TOC.3T.01526,TOC.4T.00713,TOC.4T.00702,TOC.3T.01490,TOC.3T.01492,TOC.8T.00564,TOC.8T.00558,TOC.8T.00552,TOC.7T.01336,TOC.8T.00571,TOC.2T.01395,TOC.4T.01356,TOC.4T.01332,TOC.7T.01315,TOC.1T.00781,TOC.1T.00540,TOC.2T.01972,TOC.6T.00964,",0.017521158
Molecular function,"hydrolase activity, acting on carbon-nitrogen (but not peptide) bonds",GO:0016810,4,0.001209869,4.192075472,7,50,159,4761,"TOC.3T.00672,TOC.6T.00007,TOC.4T.00881,TOC.9T.00430,TOC.7T.00613,TOC.7T.00614,TOC.4T.00813,",0.032263172
Molecular function,obsolete drug binding,GO:0008144,0,0.001296255,3.685341074,8,65,159,4761,"TOC.6T.00565,TOC.7T.00613,TOC.7T.00614,TOC.3T.00512,TOC.6T.01274,TOC.3T.00053,TOC.2T.01027,TOC.2T.01046,",0.032406371
Molecular function,peptidase activity,GO:0008233,4,0.001402821,2.303338171,16,208,159,4761,"TOC.8T.00640,TOC.2T.01608,TOC.1T.00609,TOC.3T.02155,TOC.9T.00160,TOC.4T.01020,TOC.1T.02135,TOC.2T.00883,TOC.2T.00886,TOC.1T.00107,TOC.5T.00854,TOC.5T.00698,TOC.5T.00697,TOC.5T.01754,TOC.5T.01749,TOC.6T.00913,",0.033007554
Molecular function,endopeptidase activity,GO:0004175,5,0.003219163,2.747100571,10,109,159,4761,"TOC.8T.00640,TOC.1T.00609,TOC.9T.00160,TOC.2T.00883,TOC.2T.00886,TOC.5T.00854,TOC.5T.00698,TOC.5T.00697,TOC.5T.01754,TOC.5T.01749,",0.064383261
Molecular function,"hydrolase activity, acting on carbon-nitrogen (but not peptide) bonds, in linear amides",GO:0016811,5,0.003783212,4.67865566,5,32,159,4761,"TOC.3T.00672,TOC.4T.00881,TOC.7T.00613,TOC.7T.00614,TOC.4T.00813,",0.065794989
Molecular function,hydrolase activity,GO:0016787,3,0.005222721,1.433460458,45,940,159,4761,"TOC.5T.00142,TOC.3T.00672,TOC.6T.00416,TOC.5T.01205,TOC.6T.00007,TOC.8T.00640,TOC.1T.01583,TOC.2T.01608,TOC.1T.01552,TOC.1T.00609,TOC.4T.00881,TOC.3T.02155,TOC.9T.00430,TOC.7T.00087,TOC.5T.00282,TOC.1T.02107,TOC.7T.00613,TOC.7T.00614,TOC.2T.01765,TOC.9T.00160,TOC.4T.01020,TOC.1T.02376,TOC.1T.02377,TOC.1T.02135,TOC.7T.00686,TOC.5T.01195,TOC.4T.00813,TOC.2T.00883,TOC.2T.00886,TOC.2T.01750,TOC.1T.00107,TOC.3T.00053,TOC.5T.00854,TOC.4T.00532,TOC.7T.01228,TOC.7T.01235,TOC.5T.00698,TOC.5T.00697,TOC.9T.00780,TOC.5T.01754,TOC.5T.01749,TOC.6T.00915,TOC.6T.00913,TOC.3T.01113,TOC.3T.02204,",0.087045345
Molecular function,obsolete cofactor binding,GO:0048037,0,0.010312148,3.208221024,6,56,159,4761,"TOC.4T.00655,TOC.6T.00565,TOC.3T.00512,TOC.6T.01274,TOC.7T.00467,TOC.5T.00411,",0.142236523
Molecular function,exopeptidase activity,GO:0008238,5,0.013476365,3.481790259,5,43,159,4761,"TOC.2T.01608,TOC.4T.01020,TOC.1T.02135,TOC.1T.00107,TOC.6T.00913,",0.173888582
Molecular function,carbohydrate derivative binding,GO:0097367,3,0.014248166,2.495283019,8,96,159,4761,"TOC.5T.00147,TOC.7T.00613,TOC.7T.00614,TOC.5T.01118,TOC.4T.00813,TOC.3T.00053,TOC.2T.01027,TOC.2T.01046,",0.178102081
Molecular function,metallopeptidase activity,GO:0008237,5,0.022765649,3.055448595,5,49,159,4761,"TOC.2T.01608,TOC.3T.02155,TOC.4T.01020,TOC.1T.02135,TOC.1T.00107,",0.206960446
Molecular function,lyase activity,GO:0016829,3,0.029864786,2.328930818,7,90,159,4761,"TOC.1T.01515,TOC.6T.00007,TOC.3T.01903,TOC.3T.02167,TOC.6T.00565,TOC.6T.01274,TOC.1T.00737,",0.248873214
Molecular function,catalytic activity,GO:0003824,2,0.030448211,1.165913275,85,2183,159,4761,"TOC.5T.00142,TOC.4T.00080,TOC.1T.01185,TOC.9T.01194,TOC.5T.00581,TOC.5T.00582,TOC.2T.02323,TOC.5T.01681,TOC.3T.00672,TOC.6T.00416,TOC.5T.01205,TOC.1T.01515,TOC.6T.00007,TOC.8T.00640,TOC.1T.01583,TOC.8T.00870,TOC.2T.01608,TOC.3T.01903,TOC.1T.01552,TOC.1T.01568,TOC.7T.00286,TOC.1T.00609,TOC.7T.00076,TOC.8T.00537,TOC.4T.00655,TOC.4T.00881,TOC.3T.02155,TOC.4T.00879,TOC.3T.02167,TOC.7T.00034,TOC.9T.00430,TOC.7T.00087,TOC.7T.01185,TOC.7T.01189,TOC.8T.01039,TOC.4T.00698,TOC.5T.00282,TOC.6T.00565,TOC.1T.02107,TOC.7T.00613,TOC.7T.00614,TOC.2T.01765,TOC.5T.01350,TOC.7T.00624,TOC.9T.00160,TOC.5T.01338,TOC.5T.01341,TOC.5T.01342,TOC.4T.01020,TOC.1T.02376,TOC.1T.02377,TOC.1T.02135,TOC.7T.00686,TOC.6T.01274,TOC.5T.01195,TOC.7T.00467,TOC.4T.00813,TOC.2T.00883,TOC.2T.00886,TOC.2T.01750,TOC.1T.00107,TOC.3T.00700,TOC.3T.00053,TOC.5T.00854,TOC.1T.00737,TOC.4T.00532,TOC.1T.00526,TOC.7T.01228,TOC.5T.00813,TOC.7T.01235,TOC.5T.00698,TOC.5T.00697,TOC.4T.00141,TOC.9T.00780,TOC.5T.01754,TOC.3T.00469,TOC.3T.00482,TOC.3T.00254,TOC.5T.00411,TOC.5T.01749,TOC.6T.00915,TOC.6T.00913,TOC.3T.01113,TOC.3T.02204,TOC.1T.00906,",0.248556827
Molecular function,UDP-glycosyltransferase activity,GO:0008194,5,0.035446933,2.72212693,5,55,159,4761,"TOC.9T.01194,TOC.7T.00286,TOC.7T.01185,TOC.1T.00526,TOC.3T.00254,",0.177234664
Cellular component,external encapsulating structure,GO:0030312,3,0,10.46875,25,76,160,5092,"TOC.2T.01430,TOC.2T.01424,TOC.2T.01425,TOC.2T.02323,TOC.3T.01526,TOC.4T.00713,TOC.4T.00702,TOC.3T.01490,TOC.3T.01492,TOC.8T.00564,TOC.8T.00558,TOC.8T.00552,TOC.7T.01336,TOC.8T.00571,TOC.2T.01395,TOC.4T.01356,TOC.7T.00613,TOC.7T.00614,TOC.5T.01350,TOC.5T.01341,TOC.7T.01315,TOC.1T.00781,TOC.2T.01972,TOC.6T.00964,TOC.6T.00738,",0
Cellular component,obsolete extracellular region part,GO:0044421,0,0,5.430456349,43,252,160,5092,"TOC.2T.01430,TOC.2T.01424,TOC.2T.01425,TOC.5T.01681,TOC.3T.01526,TOC.4T.00713,TOC.4T.00702,TOC.1T.01583,TOC.3T.01490,TOC.3T.01492,TOC.8T.00564,TOC.8T.00558,TOC.8T.00552,TOC.7T.01336,TOC.8T.00571,TOC.2T.01395,TOC.4T.01356,TOC.7T.00087,TOC.5T.00522,TOC.8T.01060,TOC.2T.02036,TOC.1T.02107,TOC.7T.00613,TOC.7T.00614,TOC.2T.00489,TOC.6T.00548,TOC.4T.01020,TOC.1T.02135,TOC.8T.00711,TOC.7T.01315,TOC.1T.00781,TOC.2T.01972,TOC.1T.00107,TOC.2T.00892,TOC.3T.01152,TOC.3T.01157,TOC.5T.00813,TOC.2T.00811,TOC.6T.00964,TOC.5T.01526,TOC.6T.00738,TOC.2T.02147,TOC.2T.01046,",0
Cellular component,extracellular region,GO:0005576,3,0,5.707218845,59,329,160,5092,"TOC.2T.01430,TOC.5T.01238,TOC.5T.00147,TOC.2T.01424,TOC.2T.01425,TOC.5T.01681,TOC.3T.01526,TOC.4T.00713,TOC.4T.00702,TOC.1T.01583,TOC.2T.01608,TOC.1T.00468,TOC.3T.01490,TOC.3T.01492,TOC.8T.00564,TOC.8T.00558,TOC.8T.00552,TOC.7T.01336,TOC.8T.00571,TOC.2T.01395,TOC.4T.01356,TOC.7T.00087,TOC.5T.00522,TOC.8T.01060,TOC.2T.02036,TOC.1T.02107,TOC.7T.00613,TOC.7T.00614,TOC.2T.00489,TOC.6T.00548,TOC.4T.01020,TOC.1T.02135,TOC.8T.00711,TOC.7T.01315,TOC.1T.00781,TOC.4T.00813,TOC.2T.01972,TOC.1T.00107,TOC.2T.00892,TOC.3T.00053,TOC.3T.01383,TOC.2T.01089,TOC.5T.00854,TOC.3T.01152,TOC.3T.01157,TOC.3T.01154,TOC.3T.01158,TOC.3T.01167,TOC.5T.00813,TOC.2T.00811,TOC.2T.01013,TOC.6T.00964,TOC.5T.00697,TOC.2T.00176,TOC.5T.01526,TOC.5T.00431,TOC.6T.00738,TOC.2T.02147,TOC.2T.01046,",0
Cellular component,extracellular matrix,GO:0031012,4,1.11E-16,9.828308824,21,68,160,5092,"TOC.2T.01430,TOC.2T.01424,TOC.2T.01425,TOC.3T.01526,TOC.4T.00713,TOC.4T.00702,TOC.3T.01490,TOC.3T.01492,TOC.8T.00564,TOC.8T.00558,TOC.8T.00552,TOC.7T.01336,TOC.8T.00571,TOC.2T.01395,TOC.4T.01356,TOC.7T.00613,TOC.7T.00614,TOC.7T.01315,TOC.1T.00781,TOC.2T.01972,TOC.6T.00964,",5.86E-15
Cellular component,extracellular space,GO:0005615,3,1.88E-10,4.601204819,24,166,160,5092,"TOC.5T.01681,TOC.1T.01583,TOC.7T.00087,TOC.5T.00522,TOC.8T.01060,TOC.2T.02036,TOC.1T.02107,TOC.7T.00613,TOC.7T.00614,TOC.2T.00489,TOC.6T.00548,TOC.4T.01020,TOC.1T.02135,TOC.8T.00711,TOC.1T.00107,TOC.2T.00892,TOC.3T.01152,TOC.3T.01157,TOC.5T.00813,TOC.2T.00811,TOC.5T.01526,TOC.6T.00738,TOC.2T.02147,TOC.2T.01046,",7.92E-09
Cellular component,cell periphery,GO:0071944,3,6.61E-08,1.984632517,56,898,160,5092,"TOC.1T.02476,TOC.2T.01430,TOC.9T.00023,TOC.2T.01424,TOC.2T.01425,TOC.2T.02323,TOC.3T.01526,TOC.4T.00713,TOC.2T.01834,TOC.1T.01515,TOC.4T.00702,TOC.3T.01903,TOC.6T.01355,TOC.3T.01490,TOC.3T.01492,TOC.8T.00564,TOC.8T.00558,TOC.8T.00552,TOC.2T.02077,TOC.7T.01336,TOC.8T.00571,TOC.4T.00038,TOC.2T.01395,TOC.5T.01632,TOC.4T.01356,TOC.6T.00801,TOC.4T.01332,TOC.3T.01248,TOC.3T.01812,TOC.7T.00613,TOC.7T.00614,TOC.2T.01765,TOC.5T.00261,TOC.5T.01350,TOC.6T.00345,TOC.4T.01057,TOC.5T.01341,TOC.4T.01269,TOC.7T.01315,TOC.1T.00781,TOC.2T.00855,TOC.6T.00121,TOC.2T.01972,TOC.2T.00410,TOC.3T.02230,TOC.7T.01261,TOC.4T.00552,TOC.1T.00736,TOC.4T.00532,TOC.6T.00964,TOC.9T.00780,TOC.6T.00738,TOC.4T.01218,TOC.3T.00254,TOC.6T.00915,TOC.2T.01064,",2.33E-06
Cellular component,apical part of cell,GO:0045177,3,0.027489458,2.213913043,8,115,160,5092,"TOC.1T.02476,TOC.4T.01332,TOC.4T.00223,TOC.2T.00410,TOC.4T.00552,TOC.4T.00532,TOC.3T.00254,TOC.2T.01064,",0.527297785
Cellular component,obsolete intrinsic component of membrane,GO:0031224,0,0.03490649,1.391763848,30,686,160,5092,"TOC.1T.02476,TOC.2T.01834,TOC.1T.01515,TOC.2T.01625,TOC.2T.01623,TOC.2T.01624,TOC.7T.00286,TOC.4T.00402,TOC.3T.02155,TOC.4T.00038,TOC.5T.01632,TOC.3T.00108,TOC.4T.01330,TOC.4T.01332,TOC.7T.01185,TOC.8T.01035,TOC.8T.01036,TOC.3T.01812,TOC.5T.00261,TOC.6T.00345,TOC.4T.01057,TOC.2T.00855,TOC.6T.00121,TOC.6T.00137,TOC.1T.00963,TOC.4T.00532,TOC.4T.00141,TOC.4T.01218,TOC.3T.00254,TOC.6T.00915,",0.350727117
Cellular component,endoplasmic reticulum,GO:0005783,6,0.044092705,1.612753378,15,296,160,5092,"TOC.5T.00581,TOC.8T.00835,TOC.8T.00818,TOC.8T.00819,TOC.1T.01552,TOC.7T.00794,TOC.7T.00286,TOC.3T.02141,TOC.4T.00879,TOC.7T.00034,TOC.4T.01290,TOC.7T.00467,TOC.3T.02093,TOC.1T.01889,TOC.9T.00353,",0.404502643
Biological process,cuticle development,GO:0042335,4,0,6.330137244,35,162,197,5772,"TOC.2T.01430,TOC.2T.01424,TOC.2T.01425,TOC.3T.01526,TOC.4T.00713,TOC.1T.01750,TOC.4T.00702,TOC.6T.00007,TOC.8T.00870,TOC.1T.01552,TOC.1T.00468,TOC.3T.01490,TOC.3T.01492,TOC.8T.00564,TOC.8T.00558,TOC.8T.00552,TOC.7T.01336,TOC.8T.00571,TOC.2T.01395,TOC.4T.01356,TOC.6T.00801,TOC.4T.01332,TOC.4T.00223,TOC.4T.01290,TOC.7T.01315,TOC.1T.00781,TOC.7T.00467,TOC.2T.01972,TOC.5T.00093,TOC.3T.00053,TOC.1T.01607,TOC.6T.00964,TOC.5T.00431,TOC.2T.01046,TOC.3T.00254,",0
Biological process,chitin-based cuticle development,GO:0040003,5,1.11E-16,8.072309127,27,98,197,5772,"TOC.2T.01430,TOC.2T.01424,TOC.2T.01425,TOC.3T.01526,TOC.4T.00713,TOC.1T.01750,TOC.4T.00702,TOC.6T.00007,TOC.8T.00870,TOC.3T.01490,TOC.3T.01492,TOC.8T.00564,TOC.8T.00558,TOC.8T.00552,TOC.7T.01336,TOC.8T.00571,TOC.2T.01395,TOC.4T.01356,TOC.4T.00223,TOC.7T.01315,TOC.1T.00781,TOC.2T.01972,TOC.3T.00053,TOC.6T.00964,TOC.5T.00431,TOC.2T.01046,TOC.3T.00254,",9.63E-14
Biological process,cellular ketone metabolic process,GO:0042180,4,2.36E-08,6.925334564,13,55,197,5772,"TOC.5T.00581,TOC.5T.00582,TOC.3T.00672,TOC.4T.00655,TOC.3T.01439,TOC.8T.01039,TOC.5T.01350,TOC.7T.00624,TOC.5T.01338,TOC.5T.01341,TOC.5T.01342,TOC.7T.00468,TOC.7T.00467,",1.37E-05
Biological process,ecdysteroid metabolic process,GO:0045455,6,4.02E-08,8.263959391,11,39,197,5772,"TOC.5T.00581,TOC.5T.00582,TOC.3T.01439,TOC.8T.01039,TOC.5T.01350,TOC.7T.00624,TOC.5T.01338,TOC.5T.01341,TOC.5T.01342,TOC.7T.00468,TOC.7T.00467,",1.74E-05
Biological process,steroid metabolic process,GO:0008202,5,3.29E-07,6.857328005,11,47,197,5772,"TOC.5T.00581,TOC.5T.00582,TOC.3T.01439,TOC.8T.01039,TOC.5T.01350,TOC.7T.00624,TOC.5T.01338,TOC.5T.01341,TOC.5T.01342,TOC.7T.00468,TOC.7T.00467,",1.14E-04
Biological process,hormone metabolic process,GO:0042445,5,8.14E-06,4.62623564,12,76,197,5772,"TOC.5T.00581,TOC.5T.00582,TOC.3T.01439,TOC.8T.01039,TOC.5T.01350,TOC.7T.00624,TOC.4T.01290,TOC.5T.01338,TOC.5T.01341,TOC.5T.01342,TOC.7T.00468,TOC.7T.00467,",0.002352795
Biological process,regulation of hormone levels,GO:0010817,4,1.52E-05,4.052057458,13,94,197,5772,"TOC.3T.00637,TOC.5T.00581,TOC.5T.00582,TOC.3T.01439,TOC.8T.01039,TOC.5T.01350,TOC.7T.00624,TOC.4T.01290,TOC.5T.01338,TOC.5T.01341,TOC.5T.01342,TOC.7T.00468,TOC.7T.00467,",0.003760311
Biological process,small molecule metabolic process,GO:0044281,3,1.56E-05,1.97302979,40,594,197,5772,"TOC.5T.00142,TOC.1T.01185,TOC.5T.00581,TOC.5T.00582,TOC.5T.01681,TOC.3T.00672,TOC.1T.01515,TOC.8T.00870,TOC.3T.01903,TOC.1T.00468,TOC.1T.01568,TOC.7T.00286,TOC.7T.00076,TOC.8T.00537,TOC.4T.00655,TOC.4T.00881,TOC.4T.00879,TOC.3T.01439,TOC.9T.00430,TOC.7T.01189,TOC.8T.01039,TOC.4T.00698,TOC.6T.00565,TOC.1T.02348,TOC.5T.01350,TOC.7T.00624,TOC.5T.01338,TOC.5T.01341,TOC.5T.01342,TOC.6T.01274,TOC.7T.00468,TOC.7T.00467,TOC.1T.00737,TOC.5T.00813,TOC.4T.00141,TOC.5T.00431,TOC.5T.00411,TOC.3T.01113,TOC.3T.02204,TOC.1T.00906,",0.003383452
Biological process,aromatic amino acid metabolic process,GO:0009072,8,1.93E-05,9.766497462,6,18,197,5772,"TOC.5T.01681,TOC.3T.00672,TOC.1T.00468,TOC.4T.00655,TOC.4T.00879,TOC.5T.00813,",0.003720473
Biological process,defense response to Gram-positive bacterium,GO:0050830,8,6.92E-05,7.990770651,6,22,197,5772,"TOC.5T.01681,TOC.1T.01583,TOC.7T.00087,TOC.4T.00813,TOC.5T.00813,TOC.5T.00697,",0.010911476
Biological process,chitin metabolic process,GO:0006030,7,6.92E-05,7.990770651,6,22,197,5772,"TOC.8T.00870,TOC.4T.00223,TOC.7T.00613,TOC.7T.00614,TOC.3T.00053,TOC.3T.00254,",0.010911476
Biological process,amino sugar metabolic process,GO:0006040,5,9.74E-05,6.215043839,7,33,197,5772,"TOC.8T.00870,TOC.7T.00076,TOC.4T.00223,TOC.7T.00613,TOC.7T.00614,TOC.3T.00053,TOC.3T.00254,",0.01299427
Biological process,small molecule catabolic process,GO:0044282,4,1.63E-04,4.013629094,10,73,197,5772,"TOC.1T.01185,TOC.5T.00582,TOC.3T.00672,TOC.4T.00655,TOC.4T.00881,TOC.4T.00879,TOC.7T.01189,TOC.1T.00737,TOC.5T.00411,TOC.3T.02204,",0.015669785
Biological process,obsolete oxidation-reduction process,GO:0055114,0,1.96E-04,2.11607445,26,360,197,5772,"TOC.4T.00080,TOC.5T.00581,TOC.5T.00582,TOC.2T.02323,TOC.5T.01681,TOC.8T.00537,TOC.4T.00655,TOC.4T.00879,TOC.1T.01507,TOC.9T.00430,TOC.7T.01189,TOC.8T.01039,TOC.4T.00698,TOC.5T.01350,TOC.7T.00624,TOC.5T.01338,TOC.5T.01341,TOC.5T.01342,TOC.7T.00467,TOC.1T.00737,TOC.5T.00813,TOC.4T.00141,TOC.3T.00469,TOC.3T.00482,TOC.5T.00411,TOC.1T.00906,",0.017939719
Biological process,multicellular organism development,GO:0007275,4,2.05E-04,1.38512617,85,1798,197,5772,"TOC.1T.02476,TOC.2T.01430,TOC.5T.01238,TOC.5T.00147,TOC.1T.01363,TOC.2T.01424,TOC.1T.00036,TOC.3T.00637,TOC.2T.01425,TOC.5T.00581,TOC.5T.00582,TOC.6T.00416,TOC.3T.01526,TOC.4T.00713,TOC.5T.01073,TOC.1T.01750,TOC.4T.00702,TOC.6T.00007,TOC.8T.00870,TOC.1T.01552,TOC.1T.00465,TOC.1T.00467,TOC.1T.00468,TOC.3T.01490,TOC.3T.01492,TOC.8T.00564,TOC.7T.00057,TOC.8T.00558,TOC.8T.00552,TOC.2T.02077,TOC.7T.01336,TOC.3T.01053,TOC.4T.00402,TOC.8T.00571,TOC.3T.00571,TOC.2T.01395,TOC.5T.01632,TOC.4T.01356,TOC.3T.01439,TOC.4T.01330,TOC.6T.00801,TOC.4T.01332,TOC.8T.01039,TOC.4T.00223,TOC.4T.00698,TOC.7T.00613,TOC.7T.00614,TOC.5T.01350,TOC.7T.00624,TOC.4T.01290,TOC.5T.01338,TOC.4T.01057,TOC.5T.01341,TOC.5T.01342,TOC.6T.00548,TOC.7T.01315,TOC.1T.00781,TOC.7T.00468,TOC.7T.00467,TOC.6T.01217,TOC.2T.01972,TOC.5T.00093,TOC.7T.00438,TOC.2T.00410,TOC.3T.00053,TOC.2T.01089,TOC.7T.01261,TOC.5T.00854,TOC.4T.00552,TOC.1T.00736,TOC.3T.01152,TOC.3T.01157,TOC.3T.01154,TOC.3T.01158,TOC.6T.00905,TOC.4T.00532,TOC.3T.01167,TOC.1T.01607,TOC.6T.00964,TOC.9T.00780,TOC.6T.00502,TOC.2T.00176,TOC.5T.00431,TOC.2T.01046,TOC.3T.00254,",0.017769084
Biological process,anatomical structure development,GO:0048856,3,2.51E-04,1.344278634,93,2027,197,5772,"TOC.1T.02476,TOC.2T.01430,TOC.5T.01238,TOC.5T.00147,TOC.9T.00023,TOC.1T.01363,TOC.2T.01424,TOC.1T.00036,TOC.3T.00637,TOC.2T.01425,TOC.5T.00581,TOC.5T.00582,TOC.2T.02323,TOC.6T.00416,TOC.3T.01526,TOC.4T.00713,TOC.5T.01073,TOC.1T.01750,TOC.4T.00702,TOC.6T.00007,TOC.8T.00870,TOC.1T.01552,TOC.1T.00465,TOC.1T.00467,TOC.1T.00468,TOC.1T.00231,TOC.3T.01490,TOC.3T.01492,TOC.8T.00564,TOC.7T.00057,TOC.8T.00558,TOC.8T.00552,TOC.2T.02077,TOC.7T.01336,TOC.9T.00643,TOC.3T.01053,TOC.4T.00402,TOC.8T.00571,TOC.3T.00571,TOC.2T.01395,TOC.5T.01632,TOC.4T.01356,TOC.3T.01439,TOC.4T.01330,TOC.6T.00801,TOC.4T.01332,TOC.8T.01039,TOC.4T.00223,TOC.4T.00698,TOC.7T.00613,TOC.7T.00614,TOC.5T.01350,TOC.7T.00624,TOC.4T.01290,TOC.5T.01338,TOC.4T.01057,TOC.5T.01341,TOC.5T.01342,TOC.6T.00548,TOC.5T.00463,TOC.7T.01315,TOC.1T.00781,TOC.7T.00468,TOC.7T.00467,TOC.6T.01217,TOC.2T.01972,TOC.5T.00093,TOC.7T.00438,TOC.2T.00410,TOC.3T.00053,TOC.2T.01089,TOC.7T.01261,TOC.5T.00854,TOC.4T.00552,TOC.1T.00736,TOC.3T.01152,TOC.3T.01157,TOC.3T.01154,TOC.3T.01158,TOC.6T.00905,TOC.4T.00532,TOC.3T.01167,TOC.1T.01607,TOC.6T.00964,TOC.9T.00780,TOC.6T.00502,TOC.2T.00176,TOC.5T.00431,TOC.2T.01046,TOC.3T.00254,TOC.2T.01073,TOC.3T.01113,TOC.2T.01064,",0.020751436
Biological process,multicellular organismal process,GO:0032501,2,3.40E-04,1.273890973,111,2553,197,5772,"TOC.1T.02476,TOC.2T.01430,TOC.5T.01238,TOC.5T.00147,TOC.1T.01363,TOC.2T.01424,TOC.1T.00036,TOC.3T.00637,TOC.2T.01425,TOC.5T.00581,TOC.5T.00582,TOC.2T.02323,TOC.6T.00416,TOC.3T.01526,TOC.4T.00713,TOC.5T.01073,TOC.1T.01750,TOC.4T.00702,TOC.6T.00007,TOC.8T.00870,TOC.2T.01608,TOC.1T.01552,TOC.1T.00465,TOC.6T.01355,TOC.1T.00467,TOC.1T.00468,TOC.1T.00231,TOC.3T.01490,TOC.3T.01492,TOC.8T.00564,TOC.7T.00057,TOC.8T.00558,TOC.8T.00552,TOC.2T.02077,TOC.7T.01336,TOC.3T.01053,TOC.4T.00402,TOC.3T.02167,TOC.8T.00571,TOC.4T.00031,TOC.3T.00571,TOC.2T.01395,TOC.5T.01632,TOC.4T.01356,TOC.3T.01439,TOC.4T.01330,TOC.6T.00801,TOC.4T.01332,TOC.8T.01060,TOC.7T.01185,TOC.8T.01039,TOC.4T.00223,TOC.2T.02036,TOC.4T.00698,TOC.7T.00613,TOC.7T.00614,TOC.5T.01595,TOC.5T.01350,TOC.7T.00624,TOC.4T.01290,TOC.5T.01338,TOC.4T.01057,TOC.5T.01341,TOC.5T.01342,TOC.6T.00548,TOC.5T.00463,TOC.1T.02376,TOC.1T.02377,TOC.1T.02135,TOC.8T.00711,TOC.7T.01315,TOC.1T.00781,TOC.7T.00468,TOC.7T.00467,TOC.6T.01217,TOC.2T.01972,TOC.5T.00093,TOC.2T.00892,TOC.7T.00438,TOC.2T.00410,TOC.3T.00053,TOC.3T.01383,TOC.2T.01089,TOC.7T.01261,TOC.5T.00854,TOC.7T.01022,TOC.4T.00552,TOC.1T.00736,TOC.3T.01152,TOC.3T.01157,TOC.3T.01154,TOC.3T.01158,TOC.6T.00905,TOC.4T.00532,TOC.3T.01167,TOC.6T.01181,TOC.2T.00823,TOC.1T.01607,TOC.2T.01013,TOC.6T.00964,TOC.8T.00279,TOC.9T.00780,TOC.6T.00502,TOC.2T.00176,TOC.5T.01526,TOC.5T.00431,TOC.2T.02147,TOC.2T.01046,TOC.3T.00254,TOC.6T.00915,TOC.2T.01073,",0.026850134
Biological process,glucosamine-containing compound metabolic process,GO:1901071,6,3.61E-04,6.061963942,6,29,197,5772,"TOC.8T.00870,TOC.4T.00223,TOC.7T.00613,TOC.7T.00614,TOC.3T.00053,TOC.3T.00254,",0.027208958
Biological process,alpha-amino acid metabolic process,GO:1901605,8,4.29E-04,3.573108828,10,82,197,5772,"TOC.1T.01185,TOC.5T.01681,TOC.3T.00672,TOC.1T.00468,TOC.4T.00655,TOC.4T.00881,TOC.4T.00879,TOC.6T.00565,TOC.6T.01274,TOC.5T.00813,",0.030984455
Biological process,ecdysteroid biosynthetic process,GO:0045456,7,4.49E-04,7.324873096,5,20,197,5772,"TOC.5T.00581,TOC.3T.01439,TOC.8T.01039,TOC.7T.00468,TOC.7T.00467,",0.031163602
Biological process,aminoglycan metabolic process,GO:0006022,5,5.50E-04,4.769684807,7,43,197,5772,"TOC.8T.00870,TOC.4T.00223,TOC.7T.00613,TOC.7T.00614,TOC.4T.00813,TOC.3T.00053,TOC.3T.00254,",0.035335696
Biological process,carboxylic acid catabolic process,GO:0046395,7,5.55E-04,4.185641769,8,56,197,5772,"TOC.1T.01185,TOC.3T.00672,TOC.4T.00655,TOC.4T.00881,TOC.4T.00879,TOC.7T.01189,TOC.1T.00737,TOC.5T.00411,",0.034386633
Biological process,organic acid catabolic process,GO:0016054,5,5.55E-04,4.185641769,8,56,197,5772,"TOC.1T.01185,TOC.3T.00672,TOC.4T.00655,TOC.4T.00881,TOC.4T.00879,TOC.7T.01189,TOC.1T.00737,TOC.5T.00411,",0.034386633
Biological process,cell-substrate adhesion,GO:0031589,4,5.73E-04,6.976069616,5,21,197,5772,"TOC.9T.01194,TOC.5T.01632,TOC.4T.01332,TOC.2T.00410,TOC.2T.01064,",0.033149527
Biological process,organic hydroxy compound biosynthetic process,GO:1901617,5,6.35E-04,4.66128288,7,44,197,5772,"TOC.5T.00581,TOC.5T.01681,TOC.1T.00468,TOC.8T.00537,TOC.7T.00467,TOC.5T.00093,TOC.5T.00813,",0.035557381
Biological process,secondary metabolite biosynthetic process,GO:0044550,4,7.31E-04,4.557698816,7,45,197,5772,"TOC.5T.01681,TOC.1T.00468,TOC.4T.00655,TOC.4T.01290,TOC.5T.00093,TOC.5T.00813,TOC.6T.00915,",0.038430411
Biological process,developmental process,GO:0032502,2,8.25E-04,1.297041834,95,2146,197,5772,"TOC.1T.02476,TOC.2T.01430,TOC.5T.01238,TOC.5T.00147,TOC.9T.00023,TOC.1T.01363,TOC.2T.01424,TOC.1T.00036,TOC.3T.00637,TOC.2T.01425,TOC.5T.00581,TOC.5T.00582,TOC.2T.02323,TOC.6T.00416,TOC.3T.01526,TOC.4T.00713,TOC.5T.01073,TOC.1T.01750,TOC.4T.00702,TOC.6T.00007,TOC.8T.00870,TOC.1T.01552,TOC.1T.00465,TOC.1T.00467,TOC.1T.00468,TOC.1T.00231,TOC.3T.01490,TOC.3T.01492,TOC.8T.00564,TOC.7T.00057,TOC.8T.00558,TOC.8T.00552,TOC.2T.02077,TOC.7T.01336,TOC.9T.00643,TOC.3T.01053,TOC.4T.00402,TOC.8T.00571,TOC.3T.00571,TOC.2T.01395,TOC.5T.01632,TOC.4T.01356,TOC.3T.01439,TOC.4T.01330,TOC.6T.00801,TOC.4T.01332,TOC.8T.01039,TOC.4T.00223,TOC.4T.00698,TOC.7T.00613,TOC.7T.00614,TOC.5T.01350,TOC.7T.00624,TOC.4T.01290,TOC.5T.01338,TOC.4T.01057,TOC.5T.01341,TOC.5T.01342,TOC.6T.00548,TOC.5T.00463,TOC.1T.02376,TOC.1T.02377,TOC.7T.01315,TOC.1T.00781,TOC.7T.00468,TOC.7T.00467,TOC.6T.01217,TOC.2T.01972,TOC.5T.00093,TOC.7T.00438,TOC.2T.00410,TOC.3T.00053,TOC.2T.01089,TOC.7T.01261,TOC.5T.00854,TOC.4T.00552,TOC.1T.00736,TOC.3T.01152,TOC.3T.01157,TOC.3T.01154,TOC.3T.01158,TOC.6T.00905,TOC.4T.00532,TOC.3T.01167,TOC.1T.01607,TOC.6T.00964,TOC.9T.00780,TOC.6T.00502,TOC.2T.00176,TOC.5T.00431,TOC.2T.01046,TOC.3T.00254,TOC.2T.01073,TOC.3T.01113,TOC.2T.01064,",0.042102031
Biological process,lipid metabolic process,GO:0006629,4,0.001028089,2.039838077,22,316,197,5772,"TOC.5T.00581,TOC.5T.00582,TOC.6T.00416,TOC.1T.01568,TOC.7T.00034,TOC.3T.01439,TOC.7T.01189,TOC.8T.01039,TOC.5T.01350,TOC.7T.00624,TOC.4T.01290,TOC.5T.01338,TOC.5T.01341,TOC.5T.01342,TOC.7T.00468,TOC.7T.00467,TOC.2T.01750,TOC.1T.00737,TOC.4T.00532,TOC.4T.00141,TOC.9T.00780,TOC.5T.00411,",0.050963835
Biological process,biogenic amine metabolic process,GO:0006576,6,0.001039239,5.022770123,6,35,197,5772,"TOC.5T.01681,TOC.3T.00672,TOC.6T.00007,TOC.4T.00655,TOC.5T.00813,TOC.6T.00915,",0.050085545
Biological process,amine metabolic process,GO:0009308,5,0.001212205,4.883248731,6,36,197,5772,"TOC.5T.01681,TOC.3T.00672,TOC.6T.00007,TOC.4T.00655,TOC.5T.00813,TOC.6T.00915,",0.05392757
Biological process,steroid biosynthetic process,GO:0006694,6,0.00133917,5.859898477,5,25,197,5772,"TOC.5T.00581,TOC.3T.01439,TOC.8T.01039,TOC.7T.00468,TOC.7T.00467,",0.055320485
Biological process,reproductive behavior,GO:0019098,4,0.001766229,2.802560141,11,115,197,5772,"TOC.1T.00468,TOC.1T.00231,TOC.3T.02167,TOC.4T.01290,TOC.2T.00892,TOC.3T.01154,TOC.3T.01158,TOC.3T.01167,TOC.8T.00279,TOC.5T.00431,TOC.6T.00915,",0.069645629
Biological process,hormone biosynthetic process,GO:0042446,6,0.001865014,4.507614213,6,39,197,5772,"TOC.5T.00581,TOC.3T.01439,TOC.8T.01039,TOC.4T.01290,TOC.7T.00468,TOC.7T.00467,",0.071906668
Biological process,ketone biosynthetic process,GO:0042181,5,0.001925121,5.425831923,5,27,197,5772,"TOC.5T.00581,TOC.3T.01439,TOC.8T.01039,TOC.7T.00468,TOC.7T.00467,",0.072610529
Biological process,response to bacterium,GO:0009617,6,0.003598608,2.712915962,10,108,197,5772,"TOC.5T.01681,TOC.1T.01583,TOC.7T.00087,TOC.6T.00548,TOC.1T.01410,TOC.4T.00813,TOC.3T.01152,TOC.3T.01157,TOC.5T.00813,TOC.5T.00697,",0.122423218
Biological process,central nervous system development,GO:0007417,5,0.00787076,2.127896095,13,179,197,5772,"TOC.1T.01363,TOC.8T.00870,TOC.1T.00465,TOC.1T.00467,TOC.3T.01053,TOC.5T.01632,TOC.8T.01039,TOC.7T.00467,TOC.7T.00438,TOC.2T.01089,TOC.1T.00736,TOC.6T.00905,TOC.2T.00176,",0.231453695
Biological process,amino acid metabolic process,GO:0006520,7,0.008023376,2.421445652,10,121,197,5772,"TOC.1T.01185,TOC.5T.01681,TOC.3T.00672,TOC.1T.00468,TOC.4T.00655,TOC.4T.00881,TOC.4T.00879,TOC.6T.00565,TOC.6T.01274,TOC.5T.00813,",0.232009298
Biological process,carboxylic acid metabolic process,GO:0019752,6,0.008987099,1.872523949,17,266,197,5772,"TOC.1T.01185,TOC.5T.01681,TOC.3T.00672,TOC.1T.00468,TOC.1T.01568,TOC.4T.00655,TOC.4T.00881,TOC.4T.00879,TOC.9T.00430,TOC.7T.01189,TOC.4T.00698,TOC.6T.00565,TOC.6T.01274,TOC.1T.00737,TOC.5T.00813,TOC.5T.00411,TOC.1T.00906,",0.251493833
Biological process,cuticle pigmentation,GO:0048067,4,0.010968606,3.662436548,5,40,197,5772,"TOC.1T.01552,TOC.1T.00468,TOC.5T.00093,TOC.1T.01607,TOC.3T.00254,",0.264312948
Biological process,biological process involved in interspecies interaction between organisms,GO:0044419,2,0.01357757,1.791695578,17,278,197,5772,"TOC.5T.01681,TOC.1T.01583,TOC.7T.00087,TOC.2T.01765,TOC.6T.00548,TOC.1T.01410,TOC.4T.00813,TOC.3T.01383,TOC.3T.01152,TOC.3T.01157,TOC.3T.01154,TOC.3T.01158,TOC.3T.01167,TOC.5T.00813,TOC.2T.00823,TOC.5T.00697,TOC.2T.01073,",0.318338971
Biological process,organic acid metabolic process,GO:0006082,4,0.014496081,1.778897752,17,280,197,5772,"TOC.1T.01185,TOC.5T.01681,TOC.3T.00672,TOC.1T.00468,TOC.1T.01568,TOC.4T.00655,TOC.4T.00881,TOC.4T.00879,TOC.9T.00430,TOC.7T.01189,TOC.4T.00698,TOC.6T.00565,TOC.6T.01274,TOC.1T.00737,TOC.5T.00813,TOC.5T.00411,TOC.1T.00906,",0.335342673
Biological process,oxoacid metabolic process,GO:0043436,5,0.014496081,1.778897752,17,280,197,5772,"TOC.1T.01185,TOC.5T.01681,TOC.3T.00672,TOC.1T.00468,TOC.1T.01568,TOC.4T.00655,TOC.4T.00881,TOC.4T.00879,TOC.9T.00430,TOC.7T.01189,TOC.4T.00698,TOC.6T.00565,TOC.6T.01274,TOC.1T.00737,TOC.5T.00813,TOC.5T.00411,TOC.1T.00906,",0.335342673
Biological process,organic hydroxy compound metabolic process,GO:1901615,4,0.014633134,2.333587889,9,113,197,5772,"TOC.5T.00581,TOC.5T.01681,TOC.6T.00007,TOC.1T.00468,TOC.8T.00537,TOC.3T.01439,TOC.7T.00467,TOC.5T.00093,TOC.5T.00813,",0.329720619
Biological process,response to biotic stimulus,GO:0009607,3,0.016085782,1.796137464,16,261,197,5772,"TOC.5T.01681,TOC.1T.01583,TOC.7T.00087,TOC.6T.00548,TOC.1T.01410,TOC.4T.00813,TOC.3T.01383,TOC.3T.01152,TOC.3T.01157,TOC.3T.01154,TOC.3T.01158,TOC.3T.01167,TOC.5T.00813,TOC.2T.00823,TOC.5T.00697,TOC.2T.01073,",0.313582377
Biological process,response to external biotic stimulus,GO:0043207,4,0.016085782,1.796137464,16,261,197,5772,"TOC.5T.01681,TOC.1T.01583,TOC.7T.00087,TOC.6T.00548,TOC.1T.01410,TOC.4T.00813,TOC.3T.01383,TOC.3T.01152,TOC.3T.01157,TOC.3T.01154,TOC.3T.01158,TOC.3T.01167,TOC.5T.00813,TOC.2T.00823,TOC.5T.00697,TOC.2T.01073,",0.313582377
Biological process,response to other organism,GO:0051707,5,0.016085782,1.796137464,16,261,197,5772,"TOC.5T.01681,TOC.1T.01583,TOC.7T.00087,TOC.6T.00548,TOC.1T.01410,TOC.4T.00813,TOC.3T.01383,TOC.3T.01152,TOC.3T.01157,TOC.3T.01154,TOC.3T.01158,TOC.3T.01167,TOC.5T.00813,TOC.2T.00823,TOC.5T.00697,TOC.2T.01073,",0.313582377
Biological process,"regulation of tube architecture, open tracheal system",GO:0035152,4,0.017651203,2.596157553,7,79,197,5772,"TOC.8T.00870,TOC.5T.01632,TOC.7T.00613,TOC.7T.00614,TOC.4T.00552,TOC.2T.01046,TOC.3T.00254,",0.332878667
Biological process,male mating behavior,GO:0060179,6,0.018412736,2.835434747,6,62,197,5772,"TOC.1T.00468,TOC.1T.00231,TOC.4T.01290,TOC.2T.00892,TOC.8T.00279,TOC.6T.00915,",0.343506418
Biological process,small molecule biosynthetic process,GO:0044283,4,0.018737473,2.039838077,11,158,197,5772,"TOC.1T.01185,TOC.5T.00581,TOC.1T.01568,TOC.8T.00537,TOC.4T.00881,TOC.3T.01439,TOC.8T.01039,TOC.6T.00565,TOC.6T.01274,TOC.7T.00468,TOC.7T.00467,",0.338640795
Biological process,carbohydrate derivative catabolic process,GO:1901136,5,0.019791586,2.790427846,6,63,197,5772,"TOC.6T.00416,TOC.7T.00613,TOC.7T.00614,TOC.4T.00813,TOC.3T.00053,TOC.3T.02204,",0.354004144
Biological process,molting cycle,GO:0042303,3,0.020007046,2.532054898,7,81,197,5772,"TOC.1T.01552,TOC.1T.00468,TOC.3T.01439,TOC.7T.00467,TOC.3T.00053,TOC.5T.00431,TOC.3T.00254,",0.354206368
Biological process,"molting cycle, chitin-based cuticle",GO:0007591,4,0.020007046,2.532054898,7,81,197,5772,"TOC.1T.01552,TOC.1T.00468,TOC.3T.01439,TOC.7T.00467,TOC.3T.00053,TOC.5T.00431,TOC.3T.00254,",0.354206368
Biological process,response to xenobiotic stimulus,GO:0009410,4,0.022114774,1.614297101,20,363,197,5772,"TOC.1T.01185,TOC.2T.02323,TOC.5T.01681,TOC.8T.00870,TOC.8T.00537,TOC.3T.02167,TOC.8T.01035,TOC.4T.00223,TOC.8T.01036,TOC.6T.00565,TOC.7T.00613,TOC.7T.00614,TOC.5T.00261,TOC.5T.01595,TOC.3T.00512,TOC.6T.01274,TOC.3T.00053,TOC.5T.00813,TOC.3T.00254,TOC.3T.01113,",0.35526975
Biological process,secondary metabolic process,GO:0019748,3,0.025361628,2.412899373,7,85,197,5772,"TOC.5T.01681,TOC.1T.00468,TOC.4T.00655,TOC.4T.01290,TOC.5T.00093,TOC.5T.00813,TOC.6T.00915,",0.389401991
Biological process,defense response to bacterium,GO:0042742,7,0.028376222,2.357430422,7,87,197,5772,"TOC.5T.01681,TOC.1T.01583,TOC.7T.00087,TOC.1T.01410,TOC.4T.00813,TOC.5T.00813,TOC.5T.00697,",0.390736077
Biological process,"regulation of tube size, open tracheal system",GO:0035151,6,0.029015868,2.872499254,5,51,197,5772,"TOC.8T.00870,TOC.7T.00613,TOC.7T.00614,TOC.2T.01046,TOC.3T.00254,",0.39639788
Biological process,male courtship behavior,GO:0008049,7,0.031244536,2.817258883,5,52,197,5772,"TOC.1T.00468,TOC.1T.00231,TOC.2T.00892,TOC.8T.00279,TOC.6T.00915,",0.398597575
Biological process,pigment biosynthetic process,GO:0046148,4,0.031441557,2.511385062,6,70,197,5772,"TOC.5T.01681,TOC.1T.00468,TOC.4T.00655,TOC.5T.00093,TOC.5T.00813,TOC.6T.00915,",0.398183217
Biological process,courtship behavior,GO:0007619,6,0.033405543,2.476013441,6,71,197,5772,"TOC.1T.00468,TOC.1T.00231,TOC.4T.01290,TOC.2T.00892,TOC.8T.00279,TOC.6T.00915,",0.413990125
Biological process,lipid catabolic process,GO:0016042,5,0.033405543,2.476013441,6,71,197,5772,"TOC.5T.00582,TOC.6T.00416,TOC.7T.01189,TOC.2T.01750,TOC.1T.00737,TOC.5T.00411,",0.413990125
Biological process,mating behavior,GO:0007617,5,0.035115603,2.253807107,7,91,197,5772,"TOC.1T.00468,TOC.1T.00231,TOC.4T.01290,TOC.2T.00892,TOC.8T.00279,TOC.5T.00431,TOC.6T.00915,",0.340366319
Biological process,mating,GO:0007618,4,0.035115603,2.253807107,7,91,197,5772,"TOC.1T.00468,TOC.1T.00231,TOC.4T.01290,TOC.2T.00892,TOC.8T.00279,TOC.5T.00431,TOC.6T.00915,",0.340366319
Biological process,response to endoplasmic reticulum stress,GO:0034976,5,0.037568378,2.408177456,6,73,197,5772,"TOC.8T.00640,TOC.5T.01342,TOC.2T.00883,TOC.2T.00886,TOC.5T.01754,TOC.5T.01749,",0.343058614
Biological process,regulation of tube size,GO:0035150,5,0.038562749,2.663590217,5,55,197,5772,"TOC.8T.00870,TOC.7T.00613,TOC.7T.00614,TOC.2T.01046,TOC.3T.00254,",0.350295131
Biological process,phenol-containing compound metabolic process,GO:0018958,5,0.043977338,2.570130911,5,57,197,5772,"TOC.5T.01681,TOC.6T.00007,TOC.1T.00468,TOC.5T.00093,TOC.5T.00813,",0.383420507
Biological process,lipid modification,GO:0030258,6,0.046847323,2.525818309,5,58,197,5772,"TOC.7T.00034,TOC.7T.01189,TOC.1T.00737,TOC.4T.00532,TOC.5T.00411,",0.404378637
Biological process,cellular response to xenobiotic stimulus,GO:0071466,5,0.047213457,1.670585092,13,228,197,5772,"TOC.1T.01185,TOC.5T.01681,TOC.8T.00870,TOC.8T.00537,TOC.4T.00223,TOC.6T.00565,TOC.7T.00613,TOC.7T.00614,TOC.6T.01274,TOC.3T.00053,TOC.5T.00813,TOC.3T.00254,TOC.3T.01113,",0.405521523
Biological process,digestive system development,GO:0055123,5,0.0493803,2.253807107,6,78,197,5772,"TOC.1T.00465,TOC.1T.00467,TOC.5T.01632,TOC.8T.01039,TOC.7T.00467,TOC.3T.00254,",0.422043447
Biological process,digestive tract development,GO:0048565,5,0.0493803,2.253807107,6,78,197,5772,"TOC.1T.00465,TOC.1T.00467,TOC.5T.01632,TOC.8T.01039,TOC.7T.00467,TOC.3T.00254,",0.422043447