Sample_ID,Date of collection,Box,Sex,Phenotype,Weight,Time_of_weight,Mean,SD,N,SE,Note,
P146_NW1,05-Apr,146,M,Lw,0.512,W0,0.549,0.054,40,0.009,,Weight: g
P146_NW3,05-Apr,146,M,Lw,0.534,W0,,,,,,"W0,2,4,6,8,10: Weeks post adult-eclosion"
P145_NW2,14-Apr,145,M,Lw,0.549,W0,,,,,,
P145_NW3,14-Apr,145,M,Lw,0.570,W0,,,,,,
P146_NW5,17-Apr,146,M,Lw,0.524,W0,,,,,,
P146_NW6,17-Apr,146,M,Lw,0.498,W0,,,,,,
P146_NW7,17-Apr,146,M,Lw,0.531,W0,,,,,,
P146_NW8,17-Apr,146,M,Lw,0.573,W0,,,,,,
P146_NW10,17-Apr,146,M,Lw,0.583,W0,,,,,,
P146_NW11,17-Apr,146,M,Lw,0.479,W0,,,,,,
P146_NW12,17-Apr,146,M,Lw,0.617,W0,,,,,,
P146_NW14,17-Apr,146,M,Lw,0.510,W0,,,,,,
P146_NW15,17-Apr,146,M,Lw,0.521,W0,,,,,,
P146_NW16,17-Apr,146,M,Lw,0.501,W0,,,,,,
P146_NW17,17-Apr,146,M,Lw,0.519,W0,,,,,,
P146_NW18,17-Apr,146,M,Lw,0.574,W0,,,,,,
P146_NW21,17-Apr,146,M,Lw,0.476,W0,,,,,,
P146_NW22,17-Apr,146,M,Lw,0.542,W0,,,,,,
P146_NW23,17-Apr,146,M,Lw,0.522,W0,,,,,,
P146_NW24,29-Apr,146,M,Lw,0.526,W0,,,,,,
P146_NW26,29-Apr,146,M,Lw,0.541,W0,,,,,,
P146_NW27,29-Apr,146,M,Lw,0.514,W0,,,,,,
P145_NW4,29-Apr,145,M,Lw,0.637,W0,,,,,,
P152_NW1,01-May,152,M,Lw,0.681,W0,,,,,,
P152_NW2,01-May,152,M,Lw,0.563,W0,,,,,,
P152_NW4,01-May,152,M,Lw,0.501,W0,,,,,,
P152_NW5,01-May,152,M,Lw,0.594,W0,,,,,,
P152_NW7,01-May,152,M,Lw,0.565,W0,,,,,,
P152_NW8,01-May,152,M,Lw,0.669,W0,,,,,,
P152_NW9,01-May,152,M,Lw,0.586,W0,,,,,,
P152_NW10,10-May,152,M,Lw,0.560,W0,,,,,,
P152_NW11,10-May,152,M,Lw,0.428,W0,,,,,,
P152_NW12,10-May,152,M,Lw,0.516,W0,,,,,,
P152_NW13,10-May,152,M,Lw,0.556,W0,,,,,,
P152_NW14,10-May,152,M,Lw,0.506,W0,,,,,,
P152_NW15,10-May,152,M,Lw,0.594,W0,,,,,,
P152_NW16,10-May,152,M,Lw,0.487,W0,,,,,,
P152_NW17,10-May,152,M,Lw,0.611,W0,,,,,,
P152_NW19,10-May,152,M,Lw,0.648,W0,,,,,,
P145_NW6,14-May,145,M,Lw,0.560,W0,,,,,,
P146_NW1,05-Apr,146,M,Lw,0.569,W2,0.590,0.054,40,0.009,,
P146_NW3,05-Apr,146,M,Lw,0.607,W2,,,,,,
P145_NW2,14-Apr,145,M,Lw,0.594,W2,,,,,,
P145_NW3,14-Apr,145,M,Lw,0.591,W2,,,,,,
P146_NW5,17-Apr,146,M,Lw,0.553,W2,,,,,,
P146_NW6,17-Apr,146,M,Lw,0.514,W2,,,,,Measured one day later,
P146_NW7,17-Apr,146,M,Lw,0.576,W2,,,,,,
P146_NW8,17-Apr,146,M,Lw,0.620,W2,,,,,,
P146_NW10,17-Apr,146,M,Lw,0.613,W2,,,,,,
P146_NW11,17-Apr,146,M,Lw,0.515,W2,,,,,,
P146_NW12,17-Apr,146,M,Lw,0.683,W2,,,,,,
P146_NW14,17-Apr,146,M,Lw,0.532,W2,,,,,,
P146_NW15,17-Apr,146,M,Lw,0.563,W2,,,,,,
P146_NW16,17-Apr,146,M,Lw,0.567,W2,,,,,,
P146_NW17,17-Apr,146,M,Lw,0.598,W2,,,,,,
P146_NW18,17-Apr,146,M,Lw,0.639,W2,,,,,,
P146_NW21,17-Apr,146,M,Lw,0.513,W2,,,,,,
P146_NW22,17-Apr,146,M,Lw,0.534,W2,,,,,,
P146_NW23,17-Apr,146,M,Lw,0.572,W2,,,,,,
P146_NW24,29-Apr,146,M,Lw,0.549,W2,,,,,,
P146_NW26,29-Apr,146,M,Lw,0.556,W2,,,,,,
P146_NW27,29-Apr,146,M,Lw,0.623,W2,,,,,,
P145_NW4,29-Apr,145,M,Lw,0.662,W2,,,,,,
P152_NW1,01-May,152,M,Lw,0.712,W2,,,,,,
P152_NW2,01-May,152,M,Lw,0.588,W2,,,,,,
P152_NW4,01-May,152,M,Lw,0.553,W2,,,,,,
P152_NW5,01-May,152,M,Lw,0.621,W2,,,,,,
P152_NW7,01-May,152,M,Lw,0.621,W2,,,,,,
P152_NW8,01-May,152,M,Lw,0.694,W2,,,,,,
P152_NW9,01-May,152,M,Lw,0.610,W2,,,,,,
P152_NW10,10-May,152,M,Lw,0.589,W2,,,,,,
P152_NW11,10-May,152,M,Lw,0.453,W2,,,,,,
P152_NW12,10-May,152,M,Lw,0.589,W2,,,,,,
P152_NW13,10-May,152,M,Lw,0.569,W2,,,,,Measured one day later,
P152_NW14,10-May,152,M,Lw,0.556,W2,,,,,,
P152_NW15,10-May,152,M,Lw,0.637,W2,,,,,,
P152_NW16,10-May,152,M,Lw,0.534,W2,,,,,,
P152_NW17,10-May,152,M,Lw,0.633,W2,,,,,,
P152_NW19,10-May,152,M,Lw,0.676,W2,,,,,,
P145_NW6,14-May,145,M,Lw,0.616,W2,,,,,,
P146_NW1,05-Apr,146,M,Lw,0.549,W4,0.582,0.049,40,0.008,,
P146_NW3,05-Apr,146,M,Lw,0.586,W4,,,,,,
P145_NW2,14-Apr,145,M,Lw,0.568,W4,,,,,,
P145_NW3,14-Apr,145,M,Lw,0.576,W4,,,,,,
P146_NW5,17-Apr,146,M,Lw,0.556,W4,,,,,,
P146_NW6,17-Apr,146,M,Lw,0.550,W4,,,,,,
P146_NW7,17-Apr,146,M,Lw,0.570,W4,,,,,,
P146_NW8,17-Apr,146,M,Lw,0.601,W4,,,,,,
P146_NW10,17-Apr,146,M,Lw,0.597,W4,,,,,,
P146_NW11,17-Apr,146,M,Lw,0.530,W4,,,,,,
P146_NW12,17-Apr,146,M,Lw,0.663,W4,,,,,,
P146_NW14,17-Apr,146,M,Lw,0.524,W4,,,,,,
P146_NW15,17-Apr,146,M,Lw,0.550,W4,,,,,,
P146_NW16,17-Apr,146,M,Lw,0.551,W4,,,,,,
P146_NW17,17-Apr,146,M,Lw,0.589,W4,,,,,,
P146_NW18,17-Apr,146,M,Lw,0.601,W4,,,,,,
P146_NW21,17-Apr,146,M,Lw,0.555,W4,,,,,,
P146_NW22,17-Apr,146,M,Lw,0.553,W4,,,,,,
P146_NW23,17-Apr,146,M,Lw,0.539,W4,,,,,,
P146_NW24,29-Apr,146,M,Lw,0.531,W4,,,,,,
P146_NW26,29-Apr,146,M,Lw,0.604,W4,,,,,,
P146_NW27,29-Apr,146,M,Lw,0.595,W4,,,,,,
P145_NW4,29-Apr,145,M,Lw,0.654,W4,,,,,,
P152_NW1,01-May,152,M,Lw,0.658,W4,,,,,,
P152_NW2,01-May,152,M,Lw,0.585,W4,,,,,,
P152_NW4,01-May,152,M,Lw,0.552,W4,,,,,,
P152_NW5,01-May,152,M,Lw,0.603,W4,,,,,,
P152_NW7,01-May,152,M,Lw,0.592,W4,,,,,,
P152_NW8,01-May,152,M,Lw,0.691,W4,,,,,,
P152_NW9,01-May,152,M,Lw,0.611,W4,,,,,,
P152_NW10,10-May,152,M,Lw,0.604,W4,,,,,,
P152_NW11,10-May,152,M,Lw,0.447,W4,,,,,,
P152_NW12,10-May,152,M,Lw,0.558,W4,,,,,,
P152_NW13,10-May,152,M,Lw,0.560,W4,,,,,,
P152_NW14,10-May,152,M,Lw,0.520,W4,,,,,,
P152_NW15,10-May,152,M,Lw,0.651,W4,,,,,,
P152_NW16,10-May,152,M,Lw,0.526,W4,,,,,,
P152_NW17,10-May,152,M,Lw,0.625,W4,,,,,,
P152_NW19,10-May,152,M,Lw,0.676,W4,,,,,,
P145_NW6,14-May,145,M,Lw,0.609,W4,,,,,,
P146_NW1,05-Apr,146,M,Lw,0.548,W6,0.568,0.052,40,0.008,,
P146_NW3,05-Apr,146,M,Lw,0.577,W6,,,,,,
P145_NW2,14-Apr,145,M,Lw,0.535,W6,,,,,,
P145_NW3,14-Apr,145,M,Lw,0.574,W6,,,,,,
P146_NW5,17-Apr,146,M,Lw,0.544,W6,,,,,,
P146_NW6,17-Apr,146,M,Lw,0.498,W6,,,,,,
P146_NW7,17-Apr,146,M,Lw,0.553,W6,,,,,,
P146_NW8,17-Apr,146,M,Lw,0.592,W6,,,,,,
P146_NW10,17-Apr,146,M,Lw,0.570,W6,,,,,,
P146_NW11,17-Apr,146,M,Lw,0.509,W6,,,,,,
P146_NW12,17-Apr,146,M,Lw,0.636,W6,,,,,,
P146_NW14,17-Apr,146,M,Lw,0.512,W6,,,,,,
P146_NW15,17-Apr,146,M,Lw,0.552,W6,,,,,,
P146_NW16,17-Apr,146,M,Lw,0.551,W6,,,,,,
P146_NW17,17-Apr,146,M,Lw,0.575,W6,,,,,,
P146_NW18,17-Apr,146,M,Lw,0.602,W6,,,,,,
P146_NW21,17-Apr,146,M,Lw,0.507,W6,,,,,,
P146_NW22,17-Apr,146,M,Lw,0.544,W6,,,,,,
P146_NW23,17-Apr,146,M,Lw,0.522,W6,,,,,,
P146_NW24,29-Apr,146,M,Lw,0.510,W6,,,,,,
P146_NW26,29-Apr,146,M,Lw,0.565,W6,,,,,,
P146_NW27,29-Apr,146,M,Lw,0.589,W6,,,,,,
P145_NW4,29-Apr,145,M,Lw,0.650,W6,,,,,,
P152_NW1,01-May,152,M,Lw,0.697,W6,,,,,,
P152_NW2,01-May,152,M,Lw,0.569,W6,,,,,,
P152_NW4,01-May,152,M,Lw,0.543,W6,,,,,,
P152_NW5,01-May,152,M,Lw,0.603,W6,,,,,,
P152_NW7,01-May,152,M,Lw,0.572,W6,,,,,,
P152_NW8,01-May,152,M,Lw,0.668,W6,,,,,,
P152_NW9,01-May,152,M,Lw,0.601,W6,,,,,,
P152_NW10,10-May,152,M,Lw,0.556,W6,,,,,,
P152_NW11,10-May,152,M,Lw,0.457,W6,,,,,,
P152_NW12,10-May,152,M,Lw,0.557,W6,,,,,,
P152_NW13,10-May,152,M,Lw,0.526,W6,,,,,,
P152_NW14,10-May,152,M,Lw,0.530,W6,,,,,,
P152_NW15,10-May,152,M,Lw,0.634,W6,,,,,,
P152_NW16,10-May,152,M,Lw,0.508,W6,,,,,,
P152_NW17,10-May,152,M,Lw,0.610,W6,,,,,,
P152_NW19,10-May,152,M,Lw,0.670,W6,,,,,,
P145_NW6,14-May,145,M,Lw,0.591,W6,,,,,,
P146_NW1,05-Apr,146,M,Lw,0.528,W8,0.562,0.051,40,0.008,,
P146_NW3,05-Apr,146,M,Lw,0.582,W8,,,,,,
P145_NW2,14-Apr,145,M,Lw,0.547,W8,,,,,,
P145_NW3,14-Apr,145,M,Lw,0.561,W8,,,,,,
P146_NW5,17-Apr,146,M,Lw,0.569,W8,,,,,,
P146_NW6,17-Apr,146,M,Lw,0.476,W8,,,,,,
P146_NW7,17-Apr,146,M,Lw,0.551,W8,,,,,,
P146_NW8,17-Apr,146,M,Lw,0.609,W8,,,,,,
P146_NW10,17-Apr,146,M,Lw,0.544,W8,,,,,,
P146_NW11,17-Apr,146,M,Lw,0.502,W8,,,,,,
P146_NW12,17-Apr,146,M,Lw,0.617,W8,,,,,,
P146_NW14,17-Apr,146,M,Lw,0.500,W8,,,,,,
P146_NW15,17-Apr,146,M,Lw,0.533,W8,,,,,,
P146_NW16,17-Apr,146,M,Lw,0.544,W8,,,,,,
P146_NW17,17-Apr,146,M,Lw,0.573,W8,,,,,,
P146_NW18,17-Apr,146,M,Lw,0.596,W8,,,,,,
P146_NW21,17-Apr,146,M,Lw,0.489,W8,,,,,,
P146_NW22,17-Apr,146,M,Lw,0.536,W8,,,,,,
P146_NW23,17-Apr,146,M,Lw,0.509,W8,,,,,,
P146_NW24,29-Apr,146,M,Lw,0.519,W8,,,,,,
P146_NW26,29-Apr,146,M,Lw,0.556,W8,,,,,,
P146_NW27,29-Apr,146,M,Lw,0.586,W8,,,,,,
P145_NW4,29-Apr,145,M,Lw,0.685,W8,,,,,,
P152_NW1,01-May,152,M,Lw,0.638,W8,,,,,,
P152_NW2,01-May,152,M,Lw,0.591,W8,,,,,,
P152_NW4,01-May,152,M,Lw,0.503,W8,,,,,,
P152_NW5,01-May,152,M,Lw,0.572,W8,,,,,,
P152_NW7,01-May,152,M,Lw,0.559,W8,,,,,,
P152_NW8,01-May,152,M,Lw,0.673,W8,,,,,,
P152_NW9,01-May,152,M,Lw,0.577,W8,,,,,,
P152_NW10,10-May,152,M,Lw,0.568,W8,,,,,,
P152_NW11,10-May,152,M,Lw,0.462,W8,,,,,,
P152_NW12,10-May,152,M,Lw,0.545,W8,,,,,,
P152_NW13,10-May,152,M,Lw,0.544,W8,,,,,,
P152_NW14,10-May,152,M,Lw,0.532,W8,,,,,,
P152_NW15,10-May,152,M,Lw,0.634,W8,,,,,,
P152_NW16,10-May,152,M,Lw,0.517,W8,,,,,,
P152_NW17,10-May,152,M,Lw,0.607,W8,,,,,,
P152_NW19,10-May,152,M,Lw,0.649,W8,,,,,,
P145_NW6,14-May,145,M,Lw,0.590,W8,,,,,,
P146_NW1,05-Apr,146,M,Lw,0.340,W10,0.549,0.070,40,0.011,,
P146_NW3,05-Apr,146,M,Lw,0.530,W10,,,,,,
P145_NW2,14-Apr,145,M,Lw,0.568,W10,,,,,,
P145_NW3,14-Apr,145,M,Lw,0.431,W10,,,,,,
P146_NW5,17-Apr,146,M,Lw,0.543,W10,,,,,,
P146_NW6,17-Apr,146,M,Lw,0.480,W10,,,,,,
P146_NW7,17-Apr,146,M,Lw,0.548,W10,,,,,,
P146_NW8,17-Apr,146,M,Lw,0.571,W10,,,,,,
P146_NW10,17-Apr,146,M,Lw,0.555,W10,,,,,,
P146_NW11,17-Apr,146,M,Lw,0.502,W10,,,,,,
P146_NW12,17-Apr,146,M,Lw,0.627,W10,,,,,,
P146_NW14,17-Apr,146,M,Lw,0.510,W10,,,,,,
P146_NW15,17-Apr,146,M,Lw,0.527,W10,,,,,,
P146_NW16,17-Apr,146,M,Lw,0.519,W10,,,,,,
P146_NW17,17-Apr,146,M,Lw,0.540,W10,,,,,,
P146_NW18,17-Apr,146,M,Lw,0.581,W10,,,,,,
P146_NW21,17-Apr,146,M,Lw,0.487,W10,,,,,,
P146_NW22,17-Apr,146,M,Lw,0.519,W10,,,,,,
P146_NW23,17-Apr,146,M,Lw,0.501,W10,,,,,,
P146_NW24,29-Apr,146,M,Lw,0.453,W10,,,,,,
P146_NW26,29-Apr,146,M,Lw,0.568,W10,,,,,,
P146_NW27,29-Apr,146,M,Lw,0.594,W10,,,,,,
P145_NW4,29-Apr,145,M,Lw,0.708,W10,,,,,,
P152_NW1,01-May,152,M,Lw,0.632,W10,,,,,,
P152_NW2,01-May,152,M,Lw,0.502,W10,,,,,,
P152_NW4,01-May,152,M,Lw,0.491,W10,,,,,,
P152_NW5,01-May,152,M,Lw,0.596,W10,,,,,,
P152_NW7,01-May,152,M,Lw,0.563,W10,,,,,,
P152_NW8,01-May,152,M,Lw,0.671,W10,,,,,,
P152_NW9,01-May,152,M,Lw,0.597,W10,,,,,,
P152_NW10,10-May,152,M,Lw,0.582,W10,,,,,,
P152_NW11,10-May,152,M,Lw,0.487,W10,,,,,,
P152_NW12,10-May,152,M,Lw,0.564,W10,,,,,,
P152_NW13,10-May,152,M,Lw,0.505,W10,,,,,,
P152_NW14,10-May,152,M,Lw,0.553,W10,,,,,,
P152_NW15,10-May,152,M,Lw,0.653,W10,,,,,,
P152_NW16,10-May,152,M,Lw,0.480,W10,,,,,,
P152_NW17,10-May,152,M,Lw,0.603,W10,,,,,,
P152_NW19,10-May,152,M,Lw,0.648,W10,,,,,,
P145_NW6,14-May,145,M,Lw,0.613,W10,,,,,,
P146_NW_F1,05-Apr,146,F,Lw,0.422,W0,0.489,0.051,43,0.008,,
P146_NW_F3,05-Apr,146,F,Lw,0.488,W0,,,,,,
P146_NW_F4,05-Apr,146,F,Lw,0.481,W0,,,,,,
P149_NW_F3,05-Apr,149,F,Lw,0.549,W0,,,,,,
P149_NW_F4,05-Apr,149,F,Lw,0.520,W0,,,,,,
P149_NW_F6,05-Apr,149,F,Lw,0.515,W0,,,,,,
P149_NW_F7,05-Apr,149,F,Lw,0.509,W0,,,,,,
P149_NW_F8,05-Apr,149,F,Lw,0.610,W0,,,,,,
P149_NW_F9,05-Apr,149,F,Lw,0.490,W0,,,,,,
P145_NW_F4,14-Apr,145,F,Lw,0.598,W0,,,,,,
P145_NW_F5,14-Apr,145,F,Lw,0.523,W0,,,,,,
P145_NW_F6,14-Apr,145,F,Lw,0.495,W0,,,,,,
P145_NW_F7,14-Apr,145,F,Lw,0.539,W0,,,,,,
P145_NW_F8,14-Apr,145,F,Lw,0.557,W0,,,,,,
P146_NW_F5,17-Apr,146,F,Lw,0.440,W0,,,,,,
P146_NW_F9,17-Apr,146,F,Lw,0.478,W0,,,,,,
P146_NW_F11,17-Apr,146,F,Lw,0.492,W0,,,,,,
P146_NW_F12,17-Apr,146,F,Lw,0.430,W0,,,,,,
P146_NW_F13,17-Apr,146,F,Lw,0.461,W0,,,,,,
P146_NW_F16,17-Apr,146,F,Lw,0.508,W0,,,,,,
P146_NW_F17,17-Apr,146,F,Lw,0.401,W0,,,,,,
P146_NW_F19,17-Apr,146,F,Lw,0.439,W0,,,,,,
P146_NW_F20,17-Apr,146,F,Lw,0.466,W0,,,,,,
P149_NW_F11,18-Apr,149,F,Lw,0.498,W0,,,,,,
P149_NW_F13,18-Apr,149,F,Lw,0.523,W0,,,,,,
P146_NW_F22,29-Apr,146,F,Lw,0.442,W0,,,,,,
P145_NW_F10,29-Apr,145,F,Lw,0.573,W0,,,,,,
P145_NW_F11,29-Apr,145,F,Lw,0.457,W0,,,,,,
P149_NW_F14,29-Apr,149,F,Lw,0.502,W0,,,,,,
P149_NW_F15,29-Apr,149,F,Lw,0.521,W0,,,,,,
P149_NW_F16,29-Apr,149,F,Lw,0.559,W0,,,,,,
P152_NW_F2,01-May,152,F,Lw,0.493,W0,,,,,,
P152_NW_F5,01-May,152,F,Lw,0.452,W0,,,,,,
P152_NW_F6,01-May,152,F,Lw,0.478,W0,,,,,,
P152_NW_F7,01-May,152,F,Lw,0.411,W0,,,,,,
P145_NW_F14,08-May,145,F,Lw,0.538,W0,,,,,,
P152_NW_F9,10-May,152,F,Lw,0.488,W0,,,,,,
P152_NW_F10,10-May,152,F,Lw,0.401,W0,,,,,,
P152_NW_F11,10-May,152,F,Lw,0.433,W0,,,,,,
P152_NW_F13,10-May,152,F,Lw,0.422,W0,,,,,,
P152_NW_F14,10-May,152,F,Lw,0.515,W0,,,,,,
P152_NW_F16,10-May,152,F,Lw,0.454,W0,,,,,,
P152_NW_F18,10-May,152,F,Lw,0.437,W0,,,,,,
P146_NW_F1,05-Apr,146,F,Lw,0.578,W2,0.632,0.064,42,0.010,,
P146_NW_F3,05-Apr,146,F,Lw,0.631,W2,,,,,,
P146_NW_F4,05-Apr,146,F,Lw,0.575,W2,,,,,,
P149_NW_F3,05-Apr,149,F,Lw,,W2,,,,,,
P149_NW_F4,05-Apr,149,F,Lw,0.635,W2,,,,,,
P149_NW_F6,05-Apr,149,F,Lw,0.686,W2,,,,,,
P149_NW_F7,05-Apr,149,F,Lw,0.590,W2,,,,,,
P149_NW_F8,05-Apr,149,F,Lw,0.697,W2,,,,,,
P149_NW_F9,05-Apr,149,F,Lw,0.588,W2,,,,,,
P145_NW_F4,14-Apr,145,F,Lw,0.764,W2,,,,,,
P145_NW_F5,14-Apr,145,F,Lw,0.731,W2,,,,,,
P145_NW_F6,14-Apr,145,F,Lw,0.678,W2,,,,,,
P145_NW_F7,14-Apr,145,F,Lw,0.674,W2,,,,,,
P145_NW_F8,14-Apr,145,F,Lw,0.557,W2,,,,,,
P146_NW_F5,17-Apr,146,F,Lw,0.588,W2,,,,,,
P146_NW_F9,17-Apr,146,F,Lw,0.662,W2,,,,,,
P146_NW_F11,17-Apr,146,F,Lw,0.664,W2,,,,,,
P146_NW_F12,17-Apr,146,F,Lw,0.554,W2,,,,,,
P146_NW_F13,17-Apr,146,F,Lw,0.645,W2,,,,,,
P146_NW_F16,17-Apr,146,F,Lw,0.627,W2,,,,,,
P146_NW_F17,17-Apr,146,F,Lw,0.576,W2,,,,,,
P146_NW_F19,17-Apr,146,F,Lw,0.568,W2,,,,,,
P146_NW_F20,17-Apr,146,F,Lw,0.602,W2,,,,,,
P149_NW_F11,18-Apr,149,F,Lw,0.655,W2,,,,,,
P149_NW_F13,18-Apr,149,F,Lw,0.708,W2,,,,,,
P146_NW_F22,29-Apr,146,F,Lw,0.611,W2,,,,,,
P145_NW_F10,29-Apr,145,F,Lw,0.655,W2,,,,,,
P145_NW_F11,29-Apr,145,F,Lw,0.642,W2,,,,,,
P149_NW_F14,29-Apr,149,F,Lw,0.652,W2,,,,,,
P149_NW_F15,29-Apr,149,F,Lw,0.642,W2,,,,,,
P149_NW_F16,29-Apr,149,F,Lw,0.756,W2,,,,,,
P152_NW_F2,01-May,152,F,Lw,0.668,W2,,,,,,
P152_NW_F5,01-May,152,F,Lw,0.570,W2,,,,,,
P152_NW_F6,01-May,152,F,Lw,0.591,W2,,,,,,
P152_NW_F7,01-May,152,F,Lw,0.579,W2,,,,,,
P145_NW_F14,08-May,145,F,Lw,0.771,W2,,,,,,
P152_NW_F9,10-May,152,F,Lw,0.624,W2,,,,,,
P152_NW_F10,10-May,152,F,Lw,0.541,W2,,,,,,
P152_NW_F11,10-May,152,F,Lw,0.566,W2,,,,,,
P152_NW_F13,10-May,152,F,Lw,0.511,W2,,,,,,
P152_NW_F14,10-May,152,F,Lw,0.730,W2,,,,,,
P152_NW_F16,10-May,152,F,Lw,0.632,W2,,,,,,
P152_NW_F18,10-May,152,F,Lw,0.550,W2,,,,,,
P146_NW_F1,05-Apr,146,F,Lw,0.698,W4,0.722,0.077,43,0.012,,
P146_NW_F3,05-Apr,146,F,Lw,0.714,W4,,,,,,
P146_NW_F4,05-Apr,146,F,Lw,0.708,W4,,,,,,
P149_NW_F3,05-Apr,149,F,Lw,0.732,W4,,,,,,
P149_NW_F4,05-Apr,149,F,Lw,0.758,W4,,,,,,
P149_NW_F6,05-Apr,149,F,Lw,0.763,W4,,,,,,
P149_NW_F7,05-Apr,149,F,Lw,0.788,W4,,,,,,
P149_NW_F8,05-Apr,149,F,Lw,0.807,W4,,,,,,
P149_NW_F9,05-Apr,149,F,Lw,0.726,W4,,,,,,
P145_NW_F4,14-Apr,145,F,Lw,0.905,W4,,,,,,
P145_NW_F5,14-Apr,145,F,Lw,0.728,W4,,,,,,
P145_NW_F6,14-Apr,145,F,Lw,0.785,W4,,,,,,
P145_NW_F7,14-Apr,145,F,Lw,0.739,W4,,,,,,
P145_NW_F8,14-Apr,145,F,Lw,0.818,W4,,,,,,
P146_NW_F5,17-Apr,146,F,Lw,0.661,W4,,,,,,
P146_NW_F9,17-Apr,146,F,Lw,0.722,W4,,,,,,
P146_NW_F11,17-Apr,146,F,Lw,0.771,W4,,,,,,
P146_NW_F12,17-Apr,146,F,Lw,0.629,W4,,,,,,
P146_NW_F13,17-Apr,146,F,Lw,0.682,W4,,,,,,
P146_NW_F16,17-Apr,146,F,Lw,0.762,W4,,,,,,
P146_NW_F17,17-Apr,146,F,Lw,0.612,W4,,,,,,
P146_NW_F19,17-Apr,146,F,Lw,0.611,W4,,,,,,
P146_NW_F20,17-Apr,146,F,Lw,0.711,W4,,,,,,
P149_NW_F11,18-Apr,149,F,Lw,0.732,W4,,,,,,
P149_NW_F13,18-Apr,149,F,Lw,0.809,W4,,,,,,
P146_NW_F22,29-Apr,146,F,Lw,0.679,W4,,,,,,
P145_NW_F10,29-Apr,145,F,Lw,0.842,W4,,,,,,
P145_NW_F11,29-Apr,145,F,Lw,0.727,W4,,,,,,
P149_NW_F14,29-Apr,149,F,Lw,0.771,W4,,,,,,
P149_NW_F15,29-Apr,149,F,Lw,0.750,W4,,,,,,
P149_NW_F16,29-Apr,149,F,Lw,0.852,W4,,,,,,
P152_NW_F2,01-May,152,F,Lw,0.742,W4,,,,,,
P152_NW_F5,01-May,152,F,Lw,0.697,W4,,,,,,
P152_NW_F6,01-May,152,F,Lw,0.686,W4,,,,,,
P152_NW_F7,01-May,152,F,Lw,0.635,W4,,,,,,
P145_NW_F14,08-May,145,F,Lw,0.840,W4,,,,,,
P152_NW_F9,10-May,152,F,Lw,0.648,W4,,,,,,
P152_NW_F10,10-May,152,F,Lw,0.603,W4,,,,,,
P152_NW_F11,10-May,152,F,Lw,0.599,W4,,,,,,
P152_NW_F13,10-May,152,F,Lw,0.600,W4,,,,,,
P152_NW_F14,10-May,152,F,Lw,0.751,W4,,,,,,
P152_NW_F16,10-May,152,F,Lw,0.655,W4,,,,,,
P152_NW_F18,10-May,152,F,Lw,0.578,W4,,,,,,
P146_NW_F1,05-Apr,146,F,Lw,0.710,W6,0.762,0.098,43,0.015,,
P146_NW_F3,05-Apr,146,F,Lw,0.736,W6,,,,,,
P146_NW_F4,05-Apr,146,F,Lw,0.713,W6,,,,,,
P149_NW_F3,05-Apr,149,F,Lw,0.812,W6,,,,,,
P149_NW_F4,05-Apr,149,F,Lw,0.782,W6,,,,,,
P149_NW_F6,05-Apr,149,F,Lw,0.805,W6,,,,,,
P149_NW_F7,05-Apr,149,F,Lw,0.841,W6,,,,,,
P149_NW_F8,05-Apr,149,F,Lw,0.860,W6,,,,,,
P149_NW_F9,05-Apr,149,F,Lw,0.784,W6,,,,,,
P145_NW_F4,14-Apr,145,F,Lw,0.992,W6,,,,,,
P145_NW_F5,14-Apr,145,F,Lw,0.848,W6,,,,,,
P145_NW_F6,14-Apr,145,F,Lw,0.838,W6,,,,,,
P145_NW_F7,14-Apr,145,F,Lw,0.786,W6,,,,,,
P145_NW_F8,14-Apr,145,F,Lw,0.846,W6,,,,,,
P146_NW_F5,17-Apr,146,F,Lw,0.715,W6,,,,,,
P146_NW_F9,17-Apr,146,F,Lw,0.774,W6,,,,,,
P146_NW_F11,17-Apr,146,F,Lw,0.895,W6,,,,,,
P146_NW_F12,17-Apr,146,F,Lw,0.678,W6,,,,,,
P146_NW_F13,17-Apr,146,F,Lw,0.739,W6,,,,,,
P146_NW_F16,17-Apr,146,F,Lw,0.806,W6,,,,,,
P146_NW_F17,17-Apr,146,F,Lw,0.648,W6,,,,,,
P146_NW_F19,17-Apr,146,F,Lw,0.700,W6,,,,,,
P146_NW_F20,17-Apr,146,F,Lw,0.733,W6,,,,,,
P149_NW_F11,18-Apr,149,F,Lw,0.806,W6,,,,,,
P149_NW_F13,18-Apr,149,F,Lw,0.869,W6,,,,,,
P146_NW_F22,29-Apr,146,F,Lw,0.709,W6,,,,,,
P145_NW_F10,29-Apr,145,F,Lw,0.898,W6,,,,,,
P145_NW_F11,29-Apr,145,F,Lw,0.765,W6,,,,,,
P149_NW_F14,29-Apr,149,F,Lw,0.826,W6,,,,,,
P149_NW_F15,29-Apr,149,F,Lw,0.801,W6,,,,,,
P149_NW_F16,29-Apr,149,F,Lw,0.913,W6,,,,,,
P152_NW_F2,01-May,152,F,Lw,0.760,W6,,,,,,
P152_NW_F5,01-May,152,F,Lw,0.689,W6,,,,,,
P152_NW_F6,01-May,152,F,Lw,0.696,W6,,,,,,
P152_NW_F7,01-May,152,F,Lw,0.596,W6,,,,,,
P145_NW_F14,08-May,145,F,Lw,0.896,W6,,,,,,
P152_NW_F9,10-May,152,F,Lw,0.609,W6,,,,,,
P152_NW_F10,10-May,152,F,Lw,0.602,W6,,,,,,
P152_NW_F11,10-May,152,F,Lw,0.574,W6,,,,,,
P152_NW_F13,10-May,152,F,Lw,0.607,W6,,,,,,
P152_NW_F14,10-May,152,F,Lw,0.781,W6,,,,,,
P152_NW_F16,10-May,152,F,Lw,0.741,W6,,,,,,
P152_NW_F18,10-May,152,F,Lw,0.591,W6,,,,,,
P146_NW_F1,05-Apr,146,F,Lw,0.714,W8,0.779,0.126,43,0.019,Measured one day later,
P146_NW_F3,05-Apr,146,F,Lw,0.763,W8,,,,,,
P146_NW_F4,05-Apr,146,F,Lw,0.758,W8,,,,,,
P149_NW_F3,05-Apr,149,F,Lw,0.850,W8,,,,,,
P149_NW_F4,05-Apr,149,F,Lw,0.812,W8,,,,,,
P149_NW_F6,05-Apr,149,F,Lw,0.828,W8,,,,,,
P149_NW_F7,05-Apr,149,F,Lw,0.907,W8,,,,,,
P149_NW_F8,05-Apr,149,F,Lw,0.911,W8,,,,,,
P149_NW_F9,05-Apr,149,F,Lw,0.811,W8,,,,,,
P145_NW_F4,14-Apr,145,F,Lw,1.122,W8,,,,,,
P145_NW_F5,14-Apr,145,F,Lw,0.831,W8,,,,,,
P145_NW_F6,14-Apr,145,F,Lw,0.976,W8,,,,,,
P145_NW_F7,14-Apr,145,F,Lw,0.837,W8,,,,,,
P145_NW_F8,14-Apr,145,F,Lw,0.894,W8,,,,,,
P146_NW_F5,17-Apr,146,F,Lw,0.724,W8,,,,,,
P146_NW_F9,17-Apr,146,F,Lw,0.680,W8,,,,,,
P146_NW_F11,17-Apr,146,F,Lw,0.977,W8,,,,,,
P146_NW_F12,17-Apr,146,F,Lw,0.681,W8,,,,,,
P146_NW_F13,17-Apr,146,F,Lw,0.737,W8,,,,,,
P146_NW_F16,17-Apr,146,F,Lw,0.841,W8,,,,,,
P146_NW_F17,17-Apr,146,F,Lw,0.623,W8,,,,,,
P146_NW_F19,17-Apr,146,F,Lw,0.682,W8,,,,,,
P146_NW_F20,17-Apr,146,F,Lw,0.710,W8,,,,,,
P149_NW_F11,18-Apr,149,F,Lw,0.826,W8,,,,,,
P149_NW_F13,18-Apr,149,F,Lw,0.904,W8,,,,,,
P146_NW_F22,29-Apr,146,F,Lw,0.693,W8,,,,,,
P145_NW_F10,29-Apr,145,F,Lw,0.990,W8,,,,,,
P145_NW_F11,29-Apr,145,F,Lw,0.840,W8,,,,,,
P149_NW_F14,29-Apr,149,F,Lw,0.856,W8,,,,,,
P149_NW_F15,29-Apr,149,F,Lw,0.816,W8,,,,,,
P149_NW_F16,29-Apr,149,F,Lw,0.938,W8,,,,,,
P152_NW_F2,01-May,152,F,Lw,0.778,W8,,,,,,
P152_NW_F5,01-May,152,F,Lw,0.698,W8,,,,,,
P152_NW_F6,01-May,152,F,Lw,0.725,W8,,,,,,
P152_NW_F7,01-May,152,F,Lw,0.594,W8,,,,,,
P145_NW_F14,08-May,145,F,Lw,0.622,W8,,,,,,
P152_NW_F9,10-May,152,F,Lw,0.595,W8,,,,,,
P152_NW_F10,10-May,152,F,Lw,0.588,W8,,,,,,
P152_NW_F11,10-May,152,F,Lw,0.594,W8,,,,,,
P152_NW_F13,10-May,152,F,Lw,0.581,W8,,,,,,
P152_NW_F14,10-May,152,F,Lw,0.773,W8,,,,,,
P152_NW_F16,10-May,152,F,Lw,0.773,W8,,,,,,
P152_NW_F18,10-May,152,F,Lw,0.650,W8,,,,,,
P146_NW_F1,05-Apr,146,F,Lw,0.708,W10,0.808,0.144,43,0.022,,
P146_NW_F3,05-Apr,146,F,Lw,0.744,W10,,,,,,
P146_NW_F4,05-Apr,146,F,Lw,0.751,W10,,,,,,
P149_NW_F3,05-Apr,149,F,Lw,0.866,W10,,,,,,
P149_NW_F4,05-Apr,149,F,Lw,0.859,W10,,,,,,
P149_NW_F6,05-Apr,149,F,Lw,0.834,W10,,,,,,
P149_NW_F7,05-Apr,149,F,Lw,0.971,W10,,,,,,
P149_NW_F8,05-Apr,149,F,Lw,0.939,W10,,,,,,
P149_NW_F9,05-Apr,149,F,Lw,0.812,W10,,,,,,
P145_NW_F4,14-Apr,145,F,Lw,1.106,W10,,,,,,
P145_NW_F5,14-Apr,145,F,Lw,0.928,W10,,,,,,
P145_NW_F6,14-Apr,145,F,Lw,1.025,W10,,,,,,
P145_NW_F7,14-Apr,145,F,Lw,0.890,W10,,,,,,
P145_NW_F8,14-Apr,145,F,Lw,0.913,W10,,,,,,
P146_NW_F5,17-Apr,146,F,Lw,0.754,W10,,,,,,
P146_NW_F9,17-Apr,146,F,Lw,0.637,W10,,,,,,
P146_NW_F11,17-Apr,146,F,Lw,1.061,W10,,,,,,
P146_NW_F12,17-Apr,146,F,Lw,0.693,W10,,,,,,
P146_NW_F13,17-Apr,146,F,Lw,0.712,W10,,,,,,
P146_NW_F16,17-Apr,146,F,Lw,0.839,W10,,,,,,
P146_NW_F17,17-Apr,146,F,Lw,0.699,W10,,,,,,
P146_NW_F19,17-Apr,146,F,Lw,0.686,W10,,,,,,
P146_NW_F20,17-Apr,146,F,Lw,0.745,W10,,,,,,
P149_NW_F11,18-Apr,149,F,Lw,0.878,W10,,,,,,
P149_NW_F13,18-Apr,149,F,Lw,0.934,W10,,,,,,
P146_NW_F22,29-Apr,146,F,Lw,0.708,W10,,,,,,
P145_NW_F10,29-Apr,145,F,Lw,1.033,W10,,,,,,
P145_NW_F11,29-Apr,145,F,Lw,0.857,W10,,,,,,
P149_NW_F14,29-Apr,149,F,Lw,0.954,W10,,,,,,
P149_NW_F15,29-Apr,149,F,Lw,0.862,W10,,,,,,
P149_NW_F16,29-Apr,149,F,Lw,0.958,W10,,,,,,
P152_NW_F2,01-May,152,F,Lw,0.851,W10,,,,,,
P152_NW_F5,01-May,152,F,Lw,0.709,W10,,,,,,
P152_NW_F6,01-May,152,F,Lw,0.684,W10,,,,,,
P152_NW_F7,01-May,152,F,Lw,0.642,W10,,,,,,
P145_NW_F14,08-May,145,F,Lw,1.006,W10,,,,,,
P152_NW_F9,10-May,152,F,Lw,0.530,W10,,,,,,
P152_NW_F10,10-May,152,F,Lw,0.617,W10,,,,,,
P152_NW_F11,10-May,152,F,Lw,0.574,W10,,,,,,
P152_NW_F13,10-May,152,F,Lw,0.610,W10,,,,,,
P152_NW_F14,10-May,152,F,Lw,0.805,W10,,,,,,
P152_NW_F16,10-May,152,F,Lw,0.810,W10,,,,,,
P152_NW_F18,10-May,152,F,Lw,0.570,W10,,,,,,
P136_SW_F1,06-Apr,136,F,Sw,0.439,W0,0.499,0.051,31,0.009,,
P136_SW_F2,06-Apr,136,F,Sw,0.439,W0,,,,,,
P136_SW_F3,06-Apr,136,F,Sw,0.463,W0,,,,,,
P136_SW_F4,06-Apr,136,F,Sw,0.446,W0,,,,,,
P136_SW_F6,06-Apr,136,F,Sw,0.458,W0,,,,,,
P136_SW_F7,06-Apr,136,F,Sw,0.543,W0,,,,,,
P136_SW_F8,06-Apr,136,F,Sw,0.514,W0,,,,,,
P136_SW_F9,06-Apr,136,F,Sw,0.420,W0,,,,,,
P136_SW_F10,14-Apr,136,F,Sw,0.538,W0,,,,,,
P136_SW_F11,14-Apr,136,F,Sw,0.526,W0,,,,,,
P136_SW_F14,14-Apr,136,F,Sw,0.469,W0,,,,,,
P136_SW_F15,14-Apr,136,F,Sw,0.553,W0,,,,,,
P143_SW_F1,26-Apr,143,F,Sw,0.506,W0,,,,,,
P143_SW_F2,26-Apr,143,F,Sw,0.512,W0,,,,,,
P143_SW_F3,26-Apr,143,F,Sw,0.403,W0,,,,,,
P143_SW_F5,26-Apr,143,F,Sw,0.512,W0,,,,,,
P143_SW_F7,26-Apr,143,F,Sw,0.430,W0,,,,,,
P136_SW_F18,29-Apr,136,F,Sw,0.520,W0,,,,,,
P136_SW_F19,29-Apr,136,F,Sw,0.589,W0,,,,,,
P136_SW_F20,29-Apr,136,F,Sw,0.455,W0,,,,,,
P136_SW_F21,29-Apr,136,F,Sw,0.457,W0,,,,,,
P136_SW_F22,29-Apr,136,F,Sw,0.610,W0,,,,,,
P136_SW_F24,29-Apr,136,F,Sw,0.463,W0,,,,,,
P143_SW_F8,01-May,143,F,Sw,0.534,W0,,,,,,
P136_SW_F26,08-May,136,F,Sw,0.550,W0,,,,,,
P136_SW_F27,08-May,136,F,Sw,0.526,W0,,,,,,
P143_SW_F10,14-May,143,F,Sw,0.496,W0,,,,,,
P143_SW_F11,14-May,143,F,Sw,0.493,W0,,,,,,
P143_SW_F12,14-May,143,F,Sw,0.511,W0,,,,,,
P143_SW_F14,23-May,143,F,Sw,0.533,W0,,,,,,
P143_SW_F15,23-May,143,F,Sw,0.567,W0,,,,,,
P136_SW_F1,06-Apr,136,F,Sw,0.625,W2,0.709,0.064,31,0.011,,
P136_SW_F2,06-Apr,136,F,Sw,0.666,W2,,,,,,
P136_SW_F3,06-Apr,136,F,Sw,0.665,W2,,,,,,
P136_SW_F4,06-Apr,136,F,Sw,0.645,W2,,,,,,
P136_SW_F6,06-Apr,136,F,Sw,0.649,W2,,,,,,
P136_SW_F7,06-Apr,136,F,Sw,0.789,W2,,,,,,
P136_SW_F8,06-Apr,136,F,Sw,0.730,W2,,,,,,
P136_SW_F9,06-Apr,136,F,Sw,0.574,W2,,,,,,
P136_SW_F10,14-Apr,136,F,Sw,0.778,W2,,,,,,
P136_SW_F11,14-Apr,136,F,Sw,0.729,W2,,,,,,
P136_SW_F14,14-Apr,136,F,Sw,0.669,W2,,,,,,
P136_SW_F15,14-Apr,136,F,Sw,0.793,W2,,,,,,
P143_SW_F1,26-Apr,143,F,Sw,0.770,W2,,,,,,
P143_SW_F2,26-Apr,143,F,Sw,0.783,W2,,,,,,
P143_SW_F3,26-Apr,143,F,Sw,0.615,W2,,,,,,
P143_SW_F5,26-Apr,143,F,Sw,0.756,W2,,,,,,
P143_SW_F7,26-Apr,143,F,Sw,0.666,W2,,,,,,
P136_SW_F18,29-Apr,136,F,Sw,0.712,W2,,,,,,
P136_SW_F19,29-Apr,136,F,Sw,0.811,W2,,,,,,
P136_SW_F20,29-Apr,136,F,Sw,0.617,W2,,,,,,
P136_SW_F21,29-Apr,136,F,Sw,0.651,W2,,,,,,
P136_SW_F22,29-Apr,136,F,Sw,0.793,W2,,,,,,
P136_SW_F24,29-Apr,136,F,Sw,0.680,W2,,,,,,
P143_SW_F8,01-May,143,F,Sw,0.666,W2,,,,,,
P136_SW_F26,08-May,136,F,Sw,0.729,W2,,,,,,
P136_SW_F27,08-May,136,F,Sw,0.732,W2,,,,,,
P143_SW_F10,14-May,143,F,Sw,0.719,W2,,,,,,
P143_SW_F11,14-May,143,F,Sw,0.690,W2,,,,,,
P143_SW_F12,14-May,143,F,Sw,0.720,W2,,,,,,
P143_SW_F14,23-May,143,F,Sw,0.786,W2,,,,,,
P143_SW_F15,23-May,143,F,Sw,0.760,W2,,,,,,
P136_SW_F1,06-Apr,136,F,Sw,0.737,W4,0.797,0.072,31,0.013,,
P136_SW_F2,06-Apr,136,F,Sw,0.746,W4,,,,,,
P136_SW_F3,06-Apr,136,F,Sw,0.778,W4,,,,,,
P136_SW_F4,06-Apr,136,F,Sw,0.749,W4,,,,,,
P136_SW_F6,06-Apr,136,F,Sw,0.741,W4,,,,,,
P136_SW_F7,06-Apr,136,F,Sw,0.878,W4,,,,,,
P136_SW_F8,06-Apr,136,F,Sw,0.844,W4,,,,,,
P136_SW_F9,06-Apr,136,F,Sw,0.635,W4,,,,,,
P136_SW_F10,14-Apr,136,F,Sw,0.850,W4,,,,,,
P136_SW_F11,14-Apr,136,F,Sw,0.813,W4,,,,,,
P136_SW_F14,14-Apr,136,F,Sw,0.744,W4,,,,,,
P136_SW_F15,14-Apr,136,F,Sw,0.923,W4,,,,,,
P143_SW_F1,26-Apr,143,F,Sw,0.832,W4,,,,,,
P143_SW_F2,26-Apr,143,F,Sw,0.850,W4,,,,,,
P143_SW_F3,26-Apr,143,F,Sw,0.715,W4,,,,,,
P143_SW_F5,26-Apr,143,F,Sw,0.849,W4,,,,,,
P143_SW_F7,26-Apr,143,F,Sw,0.730,W4,,,,,,
P136_SW_F18,29-Apr,136,F,Sw,0.796,W4,,,,,,
P136_SW_F19,29-Apr,136,F,Sw,0.940,W4,,,,,,
P136_SW_F20,29-Apr,136,F,Sw,0.704,W4,,,,,,
P136_SW_F21,29-Apr,136,F,Sw,0.761,W4,,,,,,
P136_SW_F22,29-Apr,136,F,Sw,0.947,W4,,,,,,
P136_SW_F24,29-Apr,136,F,Sw,0.786,W4,,,,,,
P143_SW_F8,01-May,143,F,Sw,0.731,W4,,,,,,
P136_SW_F26,08-May,136,F,Sw,0.794,W4,,,,,,
P136_SW_F27,08-May,136,F,Sw,0.799,W4,,,,,,
P143_SW_F10,14-May,143,F,Sw,0.786,W4,,,,,,
P143_SW_F11,14-May,143,F,Sw,0.757,W4,,,,,,
P143_SW_F12,14-May,143,F,Sw,0.775,W4,,,,,,
P143_SW_F14,23-May,143,F,Sw,0.816,W4,,,,,,
P143_SW_F15,23-May,143,F,Sw,0.897,W4,,,,,,
P136_SW_F1,06-Apr,136,F,Sw,0.837,W6,0.846,0.087,31,0.016,,
P136_SW_F2,06-Apr,136,F,Sw,0.791,W6,,,,,,
P136_SW_F3,06-Apr,136,F,Sw,0.810,W6,,,,,,
P136_SW_F4,06-Apr,136,F,Sw,0.775,W6,,,,,,
P136_SW_F6,06-Apr,136,F,Sw,0.791,W6,,,,,,
P136_SW_F7,06-Apr,136,F,Sw,0.933,W6,,,,,,
P136_SW_F8,06-Apr,136,F,Sw,0.850,W6,,,,,,
P136_SW_F9,06-Apr,136,F,Sw,0.685,W6,,,,,,
P136_SW_F10,14-Apr,136,F,Sw,0.946,W6,,,,,,
P136_SW_F11,14-Apr,136,F,Sw,0.937,W6,,,,,,
P136_SW_F14,14-Apr,136,F,Sw,0.820,W6,,,,,,
P136_SW_F15,14-Apr,136,F,Sw,1.026,W6,,,,,,
P143_SW_F1,26-Apr,143,F,Sw,0.905,W6,,,,,,
P143_SW_F2,26-Apr,143,F,Sw,0.855,W6,,,,,,
P143_SW_F3,26-Apr,143,F,Sw,0.730,W6,,,,,,
P143_SW_F5,26-Apr,143,F,Sw,0.935,W6,,,,,,
P143_SW_F7,26-Apr,143,F,Sw,0.798,W6,,,,,,
P136_SW_F18,29-Apr,136,F,Sw,0.837,W6,,,,,,
P136_SW_F19,29-Apr,136,F,Sw,0.983,W6,,,,,,
P136_SW_F20,29-Apr,136,F,Sw,0.720,W6,,,,,,
P136_SW_F21,29-Apr,136,F,Sw,0.809,W6,,,,,,
P136_SW_F22,29-Apr,136,F,Sw,1.040,W6,,,,,,
P136_SW_F24,29-Apr,136,F,Sw,0.837,W6,,,,,,
P143_SW_F8,01-May,143,F,Sw,0.772,W6,,,,,,
P136_SW_F26,08-May,136,F,Sw,0.848,W6,,,,,,
P136_SW_F27,08-May,136,F,Sw,0.831,W6,,,,,,
P143_SW_F10,14-May,143,F,Sw,0.772,W6,,,,,,
P143_SW_F11,14-May,143,F,Sw,0.813,W6,,,,,,
P143_SW_F12,14-May,143,F,Sw,0.776,W6,,,,,,
P143_SW_F14,23-May,143,F,Sw,0.821,W6,,,,,,
P143_SW_F15,23-May,143,F,Sw,0.954,W6,,,,,,
P136_SW_F1,06-Apr,136,F,Sw,0.895,W8,0.901,0.095,28,0.018,,
P136_SW_F2,06-Apr,136,F,Sw,,W8,,,,,,
P136_SW_F3,06-Apr,136,F,Sw,0.897,W8,,,,,Measured one day later,
P136_SW_F4,06-Apr,136,F,Sw,0.849,W8,,,,,Measured one day later,
P136_SW_F6,06-Apr,136,F,Sw,0.852,W8,,,,,,
P136_SW_F7,06-Apr,136,F,Sw,,W8,,,,,,
P136_SW_F8,06-Apr,136,F,Sw,0.924,W8,,,,,Measured one day later,
P136_SW_F9,06-Apr,136,F,Sw,,W8,,,,,,
P136_SW_F10,14-Apr,136,F,Sw,1.038,W8,,,,,,
P136_SW_F11,14-Apr,136,F,Sw,0.974,W8,,,,,,
P136_SW_F14,14-Apr,136,F,Sw,0.854,W8,,,,,,
P136_SW_F15,14-Apr,136,F,Sw,1.088,W8,,,,,,
P143_SW_F1,26-Apr,143,F,Sw,0.912,W8,,,,,,
P143_SW_F2,26-Apr,143,F,Sw,0.928,W8,,,,,,
P143_SW_F3,26-Apr,143,F,Sw,0.800,W8,,,,,,
P143_SW_F5,26-Apr,143,F,Sw,0.940,W8,,,,,,
P143_SW_F7,26-Apr,143,F,Sw,0.805,W8,,,,,,
P136_SW_F18,29-Apr,136,F,Sw,0.908,W8,,,,,,
P136_SW_F19,29-Apr,136,F,Sw,1.111,W8,,,,,,
P136_SW_F20,29-Apr,136,F,Sw,0.750,W8,,,,,,
P136_SW_F21,29-Apr,136,F,Sw,0.846,W8,,,,,,
P136_SW_F22,29-Apr,136,F,Sw,1.077,W8,,,,,,
P136_SW_F24,29-Apr,136,F,Sw,0.908,W8,,,,,,
P143_SW_F8,01-May,143,F,Sw,0.831,W8,,,,,,
P136_SW_F26,08-May,136,F,Sw,0.894,W8,,,,,,
P136_SW_F27,08-May,136,F,Sw,0.847,W8,,,,,,
P143_SW_F10,14-May,143,F,Sw,0.748,W8,,,,,,
P143_SW_F11,14-May,143,F,Sw,0.890,W8,,,,,,
P143_SW_F12,14-May,143,F,Sw,0.810,W8,,,,,,
P143_SW_F14,23-May,143,F,Sw,0.844,W8,,,,,,
P143_SW_F15,23-May,143,F,Sw,1.017,W8,,,,,,
P136_SW_F1,06-Apr,136,F,Sw,0.968,W10,0.945,0.118,31,0.021,,
P136_SW_F2,06-Apr,136,F,Sw,0.836,W10,,,,,,
P136_SW_F3,06-Apr,136,F,Sw,0.946,W10,,,,,,
P136_SW_F4,06-Apr,136,F,Sw,0.878,W10,,,,,,
P136_SW_F6,06-Apr,136,F,Sw,0.922,W10,,,,,,
P136_SW_F7,06-Apr,136,F,Sw,0.998,W10,,,,,,
P136_SW_F8,06-Apr,136,F,Sw,1.032,W10,,,,,,
P136_SW_F9,06-Apr,136,F,Sw,0.860,W10,,,,,,
P136_SW_F10,14-Apr,136,F,Sw,1.094,W10,,,,,,
P136_SW_F11,14-Apr,136,F,Sw,1.068,W10,,,,,,
P136_SW_F14,14-Apr,136,F,Sw,0.935,W10,,,,,,
P136_SW_F15,14-Apr,136,F,Sw,1.177,W10,,,,,,
P143_SW_F1,26-Apr,143,F,Sw,0.939,W10,,,,,,
P143_SW_F2,26-Apr,143,F,Sw,0.901,W10,,,,,,
P143_SW_F3,26-Apr,143,F,Sw,0.803,W10,,,,,,
P143_SW_F5,26-Apr,143,F,Sw,0.990,W10,,,,,,
P143_SW_F7,26-Apr,143,F,Sw,0.871,W10,,,,,,
P136_SW_F18,29-Apr,136,F,Sw,0.963,W10,,,,,,
P136_SW_F19,29-Apr,136,F,Sw,1.143,W10,,,,,,
P136_SW_F20,29-Apr,136,F,Sw,0.824,W10,,,,,,
P136_SW_F21,29-Apr,136,F,Sw,0.857,W10,,,,,,
P136_SW_F22,29-Apr,136,F,Sw,1.166,W10,,,,,,
P136_SW_F24,29-Apr,136,F,Sw,1.016,W10,,,,,,
P143_SW_F8,01-May,143,F,Sw,0.921,W10,,,,,,
P136_SW_F26,08-May,136,F,Sw,0.977,W10,,,,,,
P136_SW_F27,08-May,136,F,Sw,0.934,W10,,,,,,
P143_SW_F10,14-May,143,F,Sw,0.670,W10,,,,,,
P143_SW_F11,14-May,143,F,Sw,0.972,W10,,,,,,
P143_SW_F12,14-May,143,F,Sw,0.835,W10,,,,,,
P143_SW_F14,23-May,143,F,Sw,0.734,W10,,,,,,
P143_SW_F15,23-May,143,F,Sw,1.065,W10,,,,,,
P149_SW1,05-Apr,149,M,Sw,0.521,W0,0.545,0.060,56,0.008,,
P149_SW2,05-Apr,149,M,Sw,0.491,W0,,,,,,
P149_SW3,05-Apr,149,M,Sw,0.520,W0,,,,,,
P149_SW4,05-Apr,149,M,Sw,0.513,W0,,,,,,
P149_SW5,05-Apr,149,M,Sw,0.444,W0,,,,,,
P149_SW6,05-Apr,149,M,Sw,0.521,W0,,,,,,
P149_SW7,05-Apr,149,M,Sw,0.519,W0,,,,,,
P149_SW8,05-Apr,149,M,Sw,0.493,W0,,,,,,
P149_SW9,05-Apr,149,M,Sw,0.468,W0,,,,,,
P149_SW10,05-Apr,149,M,Sw,0.511,W0,,,,,,
P149_SW12,05-Apr,149,M,Sw,0.446,W0,,,,,,
P149_SW13,05-Apr,149,M,Sw,0.571,W0,,,,,,
P136_SW1,06-Apr,136,M,Sw,0.642,W0,,,,,,
P136_SW2,06-Apr,136,M,Sw,0.527,W0,,,,,,
P136_SW4,06-Apr,136,M,Sw,0.584,W0,,,,,,
P136_SW5,06-Apr,136,M,Sw,0.616,W0,,,,,,
P136_SW8,06-Apr,136,M,Sw,0.502,W0,,,,,,
P136_SW9,06-Apr,136,M,Sw,0.602,W0,,,,,,
P136_SW10,06-Apr,136,M,Sw,0.574,W0,,,,,,
P136_SW11,14-Apr,136,M,Sw,0.607,W0,,,,,,
P136_SW12,14-Apr,136,M,Sw,0.591,W0,,,,,,
P136_SW13,14-Apr,136,M,Sw,0.539,W0,,,,,,
P136_SW14,14-Apr,136,M,Sw,0.589,W0,,,,,,
P136_SW15,14-Apr,136,M,Sw,0.564,W0,,,,,,
P149_SW14,18-Apr,149,M,Sw,0.596,W0,,,,,,
P149_SW15,18-Apr,149,M,Sw,0.474,W0,,,,,,
P149_SW16,18-Apr,149,M,Sw,0.462,W0,,,,,,
P149_SW17,18-Apr,149,M,Sw,0.590,W0,,,,,,
P149_SW18,18-Apr,149,M,Sw,0.467,W0,,,,,,
P149_SW19,18-Apr,149,M,Sw,0.498,W0,,,,,,
P149_SW20,18-Apr,149,M,Sw,0.554,W0,,,,,,
P149_SW21,18-Apr,149,M,Sw,0.507,W0,,,,,,
P149_SW22,18-Apr,149,M,Sw,0.502,W0,,,,,,
P149_SW23,18-Apr,149,M,Sw,0.488,W0,,,,,,
P149_SW24,18-Apr,149,M,Sw,0.615,W0,,,,,,
P143_SW_1,26-Apr,143,M,Sw,0.594,W0,,,,,,
P143_SW_3,26-Apr,143,M,Sw,0.531,W0,,,,,,
P143_SW_4,26-Apr,143,M,Sw,0.525,W0,,,,,,
P143_SW_5,26-Apr,143,M,Sw,0.589,W0,,,,,,
P143_SW_6,26-Apr,143,M,Sw,0.501,W0,,,,,,
P143_SW_7,26-Apr,143,M,Sw,0.460,W0,,,,,,
P136_SW16,29-Apr,136,M,Sw,0.641,W0,,,,,,
P136_SW17,29-Apr,136,M,Sw,0.566,W0,,,,,,
P136_SW18,29-Apr,136,M,Sw,0.487,W0,,,,,,
P136_SW19,29-Apr,136,M,Sw,0.621,W0,,,,,,
P136_SW20,29-Apr,136,M,Sw,0.580,W0,,,,,,
P136_SW21,29-Apr,136,M,Sw,0.567,W0,,,,,,
P149_SW25,29-Apr,149,M,Sw,0.573,W0,,,,,,
P149_SW27,29-Apr,149,M,Sw,0.597,W0,,,,,,
P143_SW8,01-May,143,M,Sw,0.503,W0,,,,,,
P149_SW28,08-May,149,M,Sw,0.705,W0,,,,,,
P136_SW23,08-May,136,M,Sw,0.505,W0,,,,,,
P143_SW10,08-May,143,M,Sw,0.475,W0,,,,,,
P136_SW24,14-May,136,M,Sw,0.686,W0,,,,,,
P136_SW25,14-May,136,M,Sw,0.555,W0,,,,,,
P136_SW26,14-May,136,M,Sw,0.572,W0,,,,,,
P149_SW1,05-Apr,149,M,Sw,0.531,W2,0.577,0.057,55,0.008,,
P149_SW2,05-Apr,149,M,Sw,0.519,W2,,,,,,
P149_SW3,05-Apr,149,M,Sw,0.550,W2,,,,,,
P149_SW4,05-Apr,149,M,Sw,0.522,W2,,,,,,
P149_SW5,05-Apr,149,M,Sw,0.516,W2,,,,,,
P149_SW6,05-Apr,149,M,Sw,0.575,W2,,,,,,
P149_SW7,05-Apr,149,M,Sw,0.569,W2,,,,,,
P149_SW8,05-Apr,149,M,Sw,0.510,W2,,,,,,
P149_SW9,05-Apr,149,M,Sw,0.518,W2,,,,,,
P149_SW10,05-Apr,149,M,Sw,0.525,W2,,,,,,
P149_SW12,05-Apr,149,M,Sw,0.473,W2,,,,,,
P149_SW13,05-Apr,149,M,Sw,0.585,W2,,,,,,
P136_SW1,06-Apr,136,M,Sw,0.672,W2,,,,,,
P136_SW2,06-Apr,136,M,Sw,0.568,W2,,,,,,
P136_SW4,06-Apr,136,M,Sw,0.619,W2,,,,,,
P136_SW5,06-Apr,136,M,Sw,0.633,W2,,,,,,
P136_SW8,06-Apr,136,M,Sw,0.537,W2,,,,,,
P136_SW9,06-Apr,136,M,Sw,0.638,W2,,,,,,
P136_SW10,06-Apr,136,M,Sw,0.627,W2,,,,,,
P136_SW11,14-Apr,136,M,Sw,0.675,W2,,,,,,
P136_SW12,14-Apr,136,M,Sw,0.597,W2,,,,,,
P136_SW13,14-Apr,136,M,Sw,0.562,W2,,,,,,
P136_SW14,14-Apr,136,M,Sw,0.624,W2,,,,,,
P136_SW15,14-Apr,136,M,Sw,0.585,W2,,,,,,
P149_SW14,18-Apr,149,M,Sw,0.598,W2,,,,,,
P149_SW15,18-Apr,149,M,Sw,0.503,W2,,,,,,
P149_SW16,18-Apr,149,M,Sw,0.544,W2,,,,,,
P149_SW17,18-Apr,149,M,Sw,0.618,W2,,,,,,
P149_SW18,18-Apr,149,M,Sw,0.515,W2,,,,,,
P149_SW19,18-Apr,149,M,Sw,0.538,W2,,,,,,
P149_SW20,18-Apr,149,M,Sw,0.577,W2,,,,,,
P149_SW21,18-Apr,149,M,Sw,0.569,W2,,,,,,
P149_SW22,18-Apr,149,M,Sw,0.519,W2,,,,,,
P149_SW23,18-Apr,149,M,Sw,0.524,W2,,,,,,
P149_SW24,18-Apr,149,M,Sw,,W2,,,,,,
P143_SW_1,26-Apr,143,M,Sw,0.652,W2,,,,,,
P143_SW_3,26-Apr,143,M,Sw,0.576,W2,,,,,,
P143_SW_4,26-Apr,143,M,Sw,0.511,W2,,,,,,
P143_SW_5,26-Apr,143,M,Sw,0.604,W2,,,,,,
P143_SW_6,26-Apr,143,M,Sw,0.575,W2,,,,,,
P143_SW_7,26-Apr,143,M,Sw,0.512,W2,,,,,,
P136_SW16,29-Apr,136,M,Sw,0.662,W2,,,,,,
P136_SW17,29-Apr,136,M,Sw,0.581,W2,,,,,,
P136_SW18,29-Apr,136,M,Sw,0.532,W2,,,,,,
P136_SW19,29-Apr,136,M,Sw,0.653,W2,,,,,,
P136_SW20,29-Apr,136,M,Sw,0.623,W2,,,,,,
P136_SW21,29-Apr,136,M,Sw,0.540,W2,,,,,,
P149_SW25,29-Apr,149,M,Sw,0.622,W2,,,,,,
P149_SW27,29-Apr,149,M,Sw,0.612,W2,,,,,,
P143_SW8,01-May,143,M,Sw,0.541,W2,,,,,,
P149_SW28,08-May,149,M,Sw,0.733,W2,,,,,,
P136_SW23,08-May,136,M,Sw,0.565,W2,,,,,,
P143_SW10,08-May,143,M,Sw,0.513,W2,,,,,,
P136_SW24,14-May,136,M,Sw,0.719,W2,,,,,,
P136_SW25,14-May,136,M,Sw,0.604,W2,,,,,,
P136_SW26,14-May,136,M,Sw,0.591,W2,,,,,,
P149_SW1,05-Apr,149,M,Sw,0.520,W4,0.563,0.060,56,0.008,,
P149_SW2,05-Apr,149,M,Sw,0.508,W4,,,,,,
P149_SW3,05-Apr,149,M,Sw,0.531,W4,,,,,,
P149_SW4,05-Apr,149,M,Sw,0.501,W4,,,,,,
P149_SW5,05-Apr,149,M,Sw,0.487,W4,,,,,,
P149_SW6,05-Apr,149,M,Sw,0.559,W4,,,,,,
P149_SW7,05-Apr,149,M,Sw,0.536,W4,,,,,,
P149_SW8,05-Apr,149,M,Sw,0.490,W4,,,,,,
P149_SW9,05-Apr,149,M,Sw,0.502,W4,,,,,,
P149_SW10,05-Apr,149,M,Sw,0.506,W4,,,,,,
P149_SW12,05-Apr,149,M,Sw,0.463,W4,,,,,,
P149_SW13,05-Apr,149,M,Sw,0.576,W4,,,,,,
P136_SW1,06-Apr,136,M,Sw,0.661,W4,,,,,,
P136_SW2,06-Apr,136,M,Sw,0.564,W4,,,,,,
P136_SW4,06-Apr,136,M,Sw,0.591,W4,,,,,,
P136_SW5,06-Apr,136,M,Sw,0.605,W4,,,,,,
P136_SW8,06-Apr,136,M,Sw,0.525,W4,,,,,,
P136_SW9,06-Apr,136,M,Sw,0.638,W4,,,,,,
P136_SW10,06-Apr,136,M,Sw,0.620,W4,,,,,,
P136_SW11,14-Apr,136,M,Sw,0.633,W4,,,,,,
P136_SW12,14-Apr,136,M,Sw,0.584,W4,,,,,,
P136_SW13,14-Apr,136,M,Sw,0.542,W4,,,,,,
P136_SW14,14-Apr,136,M,Sw,0.617,W4,,,,,,
P136_SW15,14-Apr,136,M,Sw,0.573,W4,,,,,,
P149_SW14,18-Apr,149,M,Sw,0.577,W4,,,,,,
P149_SW15,18-Apr,149,M,Sw,0.486,W4,,,,,,
P149_SW16,18-Apr,149,M,Sw,0.521,W4,,,,,,
P149_SW17,18-Apr,149,M,Sw,0.602,W4,,,,,,
P149_SW18,18-Apr,149,M,Sw,0.509,W4,,,,,,
P149_SW19,18-Apr,149,M,Sw,0.505,W4,,,,,,
P149_SW20,18-Apr,149,M,Sw,0.573,W4,,,,,,
P149_SW21,18-Apr,149,M,Sw,0.536,W4,,,,,,
P149_SW22,18-Apr,149,M,Sw,0.516,W4,,,,,,
P149_SW23,18-Apr,149,M,Sw,0.518,W4,,,,,,
P149_SW24,18-Apr,149,M,Sw,0.616,W4,,,,,,
P143_SW_1,26-Apr,143,M,Sw,0.640,W4,,,,,,
P143_SW_3,26-Apr,143,M,Sw,0.538,W4,,,,,,
P143_SW_4,26-Apr,143,M,Sw,0.522,W4,,,,,,
P143_SW_5,26-Apr,143,M,Sw,0.545,W4,,,,,,
P143_SW_6,26-Apr,143,M,Sw,0.513,W4,,,,,,
P143_SW_7,26-Apr,143,M,Sw,0.448,W4,,,,,,
P136_SW16,29-Apr,136,M,Sw,0.659,W4,,,,,,
P136_SW17,29-Apr,136,M,Sw,0.587,W4,,,,,,
P136_SW18,29-Apr,136,M,Sw,0.516,W4,,,,,,
P136_SW19,29-Apr,136,M,Sw,0.664,W4,,,,,,
P136_SW20,29-Apr,136,M,Sw,0.634,W4,,,,,,
P136_SW21,29-Apr,136,M,Sw,0.546,W4,,,,,,
P149_SW25,29-Apr,149,M,Sw,0.602,W4,,,,,,
P149_SW27,29-Apr,149,M,Sw,0.593,W4,,,,,,
P143_SW8,01-May,143,M,Sw,0.520,W4,,,,,,
P149_SW28,08-May,149,M,Sw,0.729,W4,,,,,,
P136_SW23,08-May,136,M,Sw,0.564,W4,,,,,,
P143_SW10,08-May,143,M,Sw,0.538,W4,,,,,,
P136_SW24,14-May,136,M,Sw,0.707,W4,,,,,,
P136_SW25,14-May,136,M,Sw,0.589,W4,,,,,,
P136_SW26,14-May,136,M,Sw,0.593,W4,,,,,,
P149_SW1,05-Apr,149,M,Sw,0.482,W6,0.554,0.056,56,0.007,,
P149_SW2,05-Apr,149,M,Sw,0.504,W6,,,,,,
P149_SW3,05-Apr,149,M,Sw,0.517,W6,,,,,,
P149_SW4,05-Apr,149,M,Sw,0.496,W6,,,,,,
P149_SW5,05-Apr,149,M,Sw,0.486,W6,,,,,,
P149_SW6,05-Apr,149,M,Sw,0.526,W6,,,,,,
P149_SW7,05-Apr,149,M,Sw,0.499,W6,,,,,,
P149_SW8,05-Apr,149,M,Sw,0.509,W6,,,,,,
P149_SW9,05-Apr,149,M,Sw,0.480,W6,,,,,,
P149_SW10,05-Apr,149,M,Sw,0.519,W6,,,,,,
P149_SW12,05-Apr,149,M,Sw,0.455,W6,,,,,,
P149_SW13,05-Apr,149,M,Sw,0.555,W6,,,,,,
P136_SW1,06-Apr,136,M,Sw,0.639,W6,,,,,,
P136_SW2,06-Apr,136,M,Sw,0.548,W6,,,,,,
P136_SW4,06-Apr,136,M,Sw,0.533,W6,,,,,,
P136_SW5,06-Apr,136,M,Sw,0.561,W6,,,,,,
P136_SW8,06-Apr,136,M,Sw,0.561,W6,,,,,,
P136_SW9,06-Apr,136,M,Sw,0.613,W6,,,,,,
P136_SW10,06-Apr,136,M,Sw,0.616,W6,,,,,,
P136_SW11,14-Apr,136,M,Sw,0.634,W6,,,,,,
P136_SW12,14-Apr,136,M,Sw,0.593,W6,,,,,,
P136_SW13,14-Apr,136,M,Sw,0.547,W6,,,,,,
P136_SW14,14-Apr,136,M,Sw,0.606,W6,,,,,,
P136_SW15,14-Apr,136,M,Sw,0.570,W6,,,,,,
P149_SW14,18-Apr,149,M,Sw,0.578,W6,,,,,,
P149_SW15,18-Apr,149,M,Sw,0.492,W6,,,,,,
P149_SW16,18-Apr,149,M,Sw,0.510,W6,,,,,,
P149_SW17,18-Apr,149,M,Sw,0.587,W6,,,,,,
P149_SW18,18-Apr,149,M,Sw,0.486,W6,,,,,,
P149_SW19,18-Apr,149,M,Sw,0.526,W6,,,,,,
P149_SW20,18-Apr,149,M,Sw,0.561,W6,,,,,,
P149_SW21,18-Apr,149,M,Sw,0.520,W6,,,,,,
P149_SW22,18-Apr,149,M,Sw,0.506,W6,,,,,,
P149_SW23,18-Apr,149,M,Sw,0.509,W6,,,,,,
P149_SW24,18-Apr,149,M,Sw,0.628,W6,,,,,,
P143_SW_1,26-Apr,143,M,Sw,0.647,W6,,,,,,
P143_SW_3,26-Apr,143,M,Sw,0.533,W6,,,,,,
P143_SW_4,26-Apr,143,M,Sw,0.515,W6,,,,,,
P143_SW_5,26-Apr,143,M,Sw,0.576,W6,,,,,,
P143_SW_6,26-Apr,143,M,Sw,0.523,W6,,,,,,
P143_SW_7,26-Apr,143,M,Sw,0.487,W6,,,,,,
P136_SW16,29-Apr,136,M,Sw,0.653,W6,,,,,,
P136_SW17,29-Apr,136,M,Sw,0.558,W6,,,,,,
P136_SW18,29-Apr,136,M,Sw,0.510,W6,,,,,,
P136_SW19,29-Apr,136,M,Sw,0.629,W6,,,,,,
P136_SW20,29-Apr,136,M,Sw,0.605,W6,,,,,,
P136_SW21,29-Apr,136,M,Sw,0.530,W6,,,,,,
P149_SW25,29-Apr,149,M,Sw,0.565,W6,,,,,,
P149_SW27,29-Apr,149,M,Sw,0.590,W6,,,,,,
P143_SW8,01-May,143,M,Sw,0.514,W6,,,,,,
P149_SW28,08-May,149,M,Sw,0.693,W6,,,,,,
P136_SW23,08-May,136,M,Sw,0.534,W6,,,,,,
P143_SW10,08-May,143,M,Sw,0.539,W6,,,,,,
P136_SW24,14-May,136,M,Sw,0.703,W6,,,,,,
P136_SW25,14-May,136,M,Sw,0.571,W6,,,,,,
P136_SW26,14-May,136,M,Sw,0.571,W6,,,,,,
P149_SW1,05-Apr,149,M,Sw,0.510,W8,0.544,0.056,56,0.007,,
P149_SW2,05-Apr,149,M,Sw,0.503,W8,,,,,,
P149_SW3,05-Apr,149,M,Sw,0.508,W8,,,,,,
P149_SW4,05-Apr,149,M,Sw,0.489,W8,,,,,,
P149_SW5,05-Apr,149,M,Sw,0.477,W8,,,,,,
P149_SW6,05-Apr,149,M,Sw,0.535,W8,,,,,,
P149_SW7,05-Apr,149,M,Sw,0.526,W8,,,,,,
P149_SW8,05-Apr,149,M,Sw,0.508,W8,,,,,,
P149_SW9,05-Apr,149,M,Sw,0.474,W8,,,,,,
P149_SW10,05-Apr,149,M,Sw,0.495,W8,,,,,,
P149_SW12,05-Apr,149,M,Sw,0.444,W8,,,,,,
P149_SW13,05-Apr,149,M,Sw,0.543,W8,,,,,,
P136_SW1,06-Apr,136,M,Sw,0.633,W8,,,,,,
P136_SW2,06-Apr,136,M,Sw,0.544,W8,,,,,,
P136_SW4,06-Apr,136,M,Sw,0.572,W8,,,,,,
P136_SW5,06-Apr,136,M,Sw,0.599,W8,,,,,,
P136_SW8,06-Apr,136,M,Sw,0.513,W8,,,,,,
P136_SW9,06-Apr,136,M,Sw,0.609,W8,,,,,Measured one day later,
P136_SW10,06-Apr,136,M,Sw,0.596,W8,,,,,,
P136_SW11,14-Apr,136,M,Sw,0.633,W8,,,,,,
P136_SW12,14-Apr,136,M,Sw,0.582,W8,,,,,,
P136_SW13,14-Apr,136,M,Sw,0.529,W8,,,,,,
P136_SW14,14-Apr,136,M,Sw,0.580,W8,,,,,,
P136_SW15,14-Apr,136,M,Sw,0.566,W8,,,,,,
P149_SW14,18-Apr,149,M,Sw,0.569,W8,,,,,,
P149_SW15,18-Apr,149,M,Sw,0.464,W8,,,,,,
P149_SW16,18-Apr,149,M,Sw,0.523,W8,,,,,,
P149_SW17,18-Apr,149,M,Sw,0.580,W8,,,,,,
P149_SW18,18-Apr,149,M,Sw,0.510,W8,,,,,,
P149_SW19,18-Apr,149,M,Sw,0.535,W8,,,,,,
P149_SW20,18-Apr,149,M,Sw,0.554,W8,,,,,,
P149_SW21,18-Apr,149,M,Sw,0.512,W8,,,,,,
P149_SW22,18-Apr,149,M,Sw,0.496,W8,,,,,,
P149_SW23,18-Apr,149,M,Sw,0.494,W8,,,,,,
P149_SW24,18-Apr,149,M,Sw,0.590,W8,,,,,,
P143_SW_1,26-Apr,143,M,Sw,0.602,W8,,,,,,
P143_SW_3,26-Apr,143,M,Sw,0.534,W8,,,,,,
P143_SW_4,26-Apr,143,M,Sw,0.478,W8,,,,,,
P143_SW_5,26-Apr,143,M,Sw,0.589,W8,,,,,,
P143_SW_6,26-Apr,143,M,Sw,0.456,W8,,,,,,
P143_SW_7,26-Apr,143,M,Sw,0.458,W8,,,,,,
P136_SW16,29-Apr,136,M,Sw,0.635,W8,,,,,,
P136_SW17,29-Apr,136,M,Sw,0.553,W8,,,,,,
P136_SW18,29-Apr,136,M,Sw,0.500,W8,,,,,,
P136_SW19,29-Apr,136,M,Sw,0.629,W8,,,,,,
P136_SW20,29-Apr,136,M,Sw,0.603,W8,,,,,,
P136_SW21,29-Apr,136,M,Sw,0.511,W8,,,,,,
P149_SW25,29-Apr,149,M,Sw,0.589,W8,,,,,,
P149_SW27,29-Apr,149,M,Sw,0.579,W8,,,,,,
P143_SW8,01-May,143,M,Sw,0.457,W8,,,,,,
P149_SW28,08-May,149,M,Sw,0.653,W8,,,,,,
P136_SW23,08-May,136,M,Sw,0.517,W8,,,,,,
P143_SW10,08-May,143,M,Sw,0.507,W8,,,,,,
P136_SW24,14-May,136,M,Sw,0.681,W8,,,,,,
P136_SW25,14-May,136,M,Sw,0.569,W8,,,,,,
P136_SW26,14-May,136,M,Sw,0.553,W8,,,,,,
P149_SW1,05-Apr,149,M,Sw,0.460,W10,0.532,0.060,56,0.008,,
P149_SW2,05-Apr,149,M,Sw,0.469,W10,,,,,,
P149_SW3,05-Apr,149,M,Sw,0.452,W10,,,,,,
P149_SW4,05-Apr,149,M,Sw,0.494,W10,,,,,,
P149_SW5,05-Apr,149,M,Sw,0.455,W10,,,,,,
P149_SW6,05-Apr,149,M,Sw,0.529,W10,,,,,,
P149_SW7,05-Apr,149,M,Sw,0.522,W10,,,,,,
P149_SW8,05-Apr,149,M,Sw,0.494,W10,,,,,,
P149_SW9,05-Apr,149,M,Sw,0.465,W10,,,,,,
P149_SW10,05-Apr,149,M,Sw,0.479,W10,,,,,,
P149_SW12,05-Apr,149,M,Sw,0.440,W10,,,,,,
P149_SW13,05-Apr,149,M,Sw,0.541,W10,,,,,,
P136_SW1,06-Apr,136,M,Sw,0.655,W10,,,,,,
P136_SW2,06-Apr,136,M,Sw,0.544,W10,,,,,,
P136_SW4,06-Apr,136,M,Sw,0.553,W10,,,,,,
P136_SW5,06-Apr,136,M,Sw,0.551,W10,,,,,,
P136_SW8,06-Apr,136,M,Sw,0.517,W10,,,,,,
P136_SW9,06-Apr,136,M,Sw,0.592,W10,,,,,,
P136_SW10,06-Apr,136,M,Sw,0.589,W10,,,,,,
P136_SW11,14-Apr,136,M,Sw,0.605,W10,,,,,,
P136_SW12,14-Apr,136,M,Sw,0.584,W10,,,,,,
P136_SW13,14-Apr,136,M,Sw,0.566,W10,,,,,,
P136_SW14,14-Apr,136,M,Sw,0.551,W10,,,,,,
P136_SW15,14-Apr,136,M,Sw,0.563,W10,,,,,,
P149_SW14,18-Apr,149,M,Sw,0.581,W10,,,,,,
P149_SW15,18-Apr,149,M,Sw,0.507,W10,,,,,,
P149_SW16,18-Apr,149,M,Sw,0.498,W10,,,,,,
P149_SW17,18-Apr,149,M,Sw,0.582,W10,,,,,,
P149_SW18,18-Apr,149,M,Sw,0.392,W10,,,,,,
P149_SW19,18-Apr,149,M,Sw,0.488,W10,,,,,,
P149_SW20,18-Apr,149,M,Sw,0.548,W10,,,,,,
P149_SW21,18-Apr,149,M,Sw,0.465,W10,,,,,,
P149_SW22,18-Apr,149,M,Sw,0.502,W10,,,,,,
P149_SW23,18-Apr,149,M,Sw,0.503,W10,,,,,,
P149_SW24,18-Apr,149,M,Sw,0.564,W10,,,,,,
P143_SW_1,26-Apr,143,M,Sw,0.594,W10,,,,,,
P143_SW_3,26-Apr,143,M,Sw,0.523,W10,,,,,,
P143_SW_4,26-Apr,143,M,Sw,0.491,W10,,,,,,
P143_SW_5,26-Apr,143,M,Sw,0.520,W10,,,,,,
P143_SW_6,26-Apr,143,M,Sw,0.517,W10,,,,,,
P143_SW_7,26-Apr,143,M,Sw,0.458,W10,,,,,,
P136_SW16,29-Apr,136,M,Sw,0.650,W10,,,,,,
P136_SW17,29-Apr,136,M,Sw,0.548,W10,,,,,,
P136_SW18,29-Apr,136,M,Sw,0.514,W10,,,,,,
P136_SW19,29-Apr,136,M,Sw,0.613,W10,,,,,,
P136_SW20,29-Apr,136,M,Sw,0.589,W10,,,,,,
P136_SW21,29-Apr,136,M,Sw,0.440,W10,,,,,,
P149_SW25,29-Apr,149,M,Sw,0.571,W10,,,,,,
P149_SW27,29-Apr,149,M,Sw,0.563,W10,,,,,,
P143_SW8,01-May,143,M,Sw,0.446,W10,,,,,,
P149_SW28,08-May,149,M,Sw,0.654,W10,,,,,,
P136_SW23,08-May,136,M,Sw,0.561,W10,,,,,,
P143_SW10,08-May,143,M,Sw,0.499,W10,,,,,,
P136_SW24,14-May,136,M,Sw,0.640,W10,,,,,,
P136_SW25,14-May,136,M,Sw,0.582,W10,,,,,,
P136_SW26,14-May,136,M,Sw,0.538,W10,,,,,,