Not_Use,Generation,Order_by_Cross_Type,Off_Sex,Prop,Pair_ID,Female,Male,Mother,Father,Parental_genotype,Parental_phenotype,Mother_genotype,Cross_Type,Off_M,Off_Lw_M,Off_Sw_M,Off_F,Off_Lw_F,Off_Sw_F,Prop.Sw.M,Prop.Sw.F,Note
N,F4-F5,1,M,0,3,A1_F2,X_NW3,Lw,Lw,XL x XLXL,Lw(M) x Lw(F),Lw_Homo,Lw(M)-Lw(F)(Homo),5,5,0,4,4,0,0,0,
N,F4-F5,1,M,0,5,B_F8,A_NW1,Lw,Lw,XL x XLXL,Lw(M) x Lw(F),Lw_Homo,Lw(M)-Lw(F)(Homo),8,8,0,4,4,0,0,0,
N,F4-F5,1,M,0,39,A4_F1,B2_NW3,Lw,Lw,XL x XLXL,Lw(M) x Lw(F),Lw_Homo,Lw(M)-Lw(F)(Homo),3,3,0,7,7,0,0,0,
N,F4-F5,1,M,0,8(2),X_F1,B_NW1,Lw,Lw,XL x XLXL,Lw(M) x Lw(F),Lw_Homo,Lw(M)-Lw(F)(Homo),7,7,0,5,5,0,0,0,
N,F4-F5,1,M,0,80,A3_F1,A4_NW1,Lw,Lw,XL x XLXL,Lw(M) x Lw(F),Lw_Homo,Lw(M)-Lw(F)(Homo),10,10,0,4,4,0,0,0,
N,F4-F5,1,M,0,139,A2_F19,A2_NW7,Lw,Lw,XL x XLXL,Lw(M) x Lw(F),Lw_Homo,Lw(M)-Lw(F)(Homo),7,7,0,8,8,0,0,0,
N,F4-F5,1,M,0,111,A3_F4,A1_NW6,Lw,Lw,XL x XLXL,Lw(M) x Lw(F),Lw_Homo,Lw(M)-Lw(F)(Homo),7,7,0,7,7,0,0,0,
N,F4-F5,1,M,0,53(2),A1_F7,A3_NW1,Lw,Lw,XL x XLXL,Lw(M) x Lw(F),Lw_Homo,Lw(M)-Lw(F)(Homo),8,8,0,11,11,0,0,0,
N,F4-F5,1,M,0,57,B_F12,X_NW7,Lw,Lw,XL x XLXL,Lw(M) x Lw(F),Lw_Homo,Lw(M)-Lw(F)(Homo),9,9,0,11,11,0,0,0,
N,F4-F5,1,M,0,59,A2_F3,B_NW9,Lw,Lw,XL x XLXL,Lw(M) x Lw(F),Lw_Homo,Lw(M)-Lw(F)(Homo),11,11,0,11,11,0,0,0,
N,F4-F5,1,M,0,99,A2_F8,A4_2_NW1,Lw,Lw,XL x XLXL,Lw(M) x Lw(F),Lw_Homo,Lw(M)-Lw(F)(Homo),15,15,0,6,6,0,0,0,
N,F4-F5,1,M,0,62(2),X_F13,A1_NW2,Lw,Lw,XL x XLXL,Lw(M) x Lw(F),Lw_Homo,Lw(M)-Lw(F)(Homo),10,10,0,9,9,0,0,0,
N,F4-F5,1,M,0,74,B_F5,A3_NW2,Lw,Lw,XL x XLXL,Lw(M) x Lw(F),Lw_Homo,Lw(M)-Lw(F)(Homo),12,12,0,9,9,0,0,0,
N,F4-F5,1,M,0,132,A2_F14,A_NW13,Lw,Lw,XL x XLXL,Lw(M) x Lw(F),Lw_Homo,Lw(M)-Lw(F)(Homo),12,12,0,12,12,0,0,0,
N,F4-F5,1,M,0,65,A1_F9,B2_NW4,Lw,Lw,XL x XLXL,Lw(M) x Lw(F),Lw_Homo,Lw(M)-Lw(F)(Homo),13,13,0,9,9,0,0,0,
N,F4-F5,1,M,0,72,A4_2_F3,A2_NW2,Lw,Lw,XL x XLXL,Lw(M) x Lw(F),Lw_Homo,Lw(M)-Lw(F)(Homo),13,13,0,16,16,0,0,0,
N,F4-F5,1,M,0,33,X_F10,B_NW7,Lw,Lw,XL x XLXL,Lw(M) x Lw(F),Lw_Homo,Lw(M)-Lw(F)(Homo),20,20,0,13,13,0,0,0,
N,F4-F5,1,M,0,146,A3_F10,A4_1_NW4,Lw,Lw,XL x XLXL,Lw(M) x Lw(F),Lw_Homo,Lw(M)-Lw(F)(Homo),31,31,0,28,28,0,0,0,
N,F4-F5,1,F,0,3,A1_F2,X_NW3,Lw,Lw,XL x XLXL,Lw(M) x Lw(F),Lw_Homo,Lw(M)-Lw(F)(Homo),5,5,0,4,4,0,0,0,
N,F4-F5,1,F,0,5,B_F8,A_NW1,Lw,Lw,XL x XLXL,Lw(M) x Lw(F),Lw_Homo,Lw(M)-Lw(F)(Homo),8,8,0,4,4,0,0,0,
N,F4-F5,1,F,0,39,A4_F1,B2_NW3,Lw,Lw,XL x XLXL,Lw(M) x Lw(F),Lw_Homo,Lw(M)-Lw(F)(Homo),3,3,0,7,7,0,0,0,
N,F4-F5,1,F,0,8(2),X_F1,B_NW1,Lw,Lw,XL x XLXL,Lw(M) x Lw(F),Lw_Homo,Lw(M)-Lw(F)(Homo),7,7,0,5,5,0,0,0,
N,F4-F5,1,F,0,80,A3_F1,A4_NW1,Lw,Lw,XL x XLXL,Lw(M) x Lw(F),Lw_Homo,Lw(M)-Lw(F)(Homo),10,10,0,4,4,0,0,0,
N,F4-F5,1,F,0,139,A2_F19,A2_NW7,Lw,Lw,XL x XLXL,Lw(M) x Lw(F),Lw_Homo,Lw(M)-Lw(F)(Homo),7,7,0,8,8,0,0,0,
N,F4-F5,1,F,0,111,A3_F4,A1_NW6,Lw,Lw,XL x XLXL,Lw(M) x Lw(F),Lw_Homo,Lw(M)-Lw(F)(Homo),7,7,0,7,7,0,0,0,
N,F4-F5,1,F,0,53(2),A1_F7,A3_NW1,Lw,Lw,XL x XLXL,Lw(M) x Lw(F),Lw_Homo,Lw(M)-Lw(F)(Homo),8,8,0,11,11,0,0,0,
N,F4-F5,1,F,0,57,B_F12,X_NW7,Lw,Lw,XL x XLXL,Lw(M) x Lw(F),Lw_Homo,Lw(M)-Lw(F)(Homo),9,9,0,11,11,0,0,0,
N,F4-F5,1,F,0,59,A2_F3,B_NW9,Lw,Lw,XL x XLXL,Lw(M) x Lw(F),Lw_Homo,Lw(M)-Lw(F)(Homo),11,11,0,11,11,0,0,0,
N,F4-F5,1,F,0,99,A2_F8,A4_2_NW1,Lw,Lw,XL x XLXL,Lw(M) x Lw(F),Lw_Homo,Lw(M)-Lw(F)(Homo),15,15,0,6,6,0,0,0,
N,F4-F5,1,F,0,62(2),X_F13,A1_NW2,Lw,Lw,XL x XLXL,Lw(M) x Lw(F),Lw_Homo,Lw(M)-Lw(F)(Homo),10,10,0,9,9,0,0,0,
N,F4-F5,1,F,0,74,B_F5,A3_NW2,Lw,Lw,XL x XLXL,Lw(M) x Lw(F),Lw_Homo,Lw(M)-Lw(F)(Homo),12,12,0,9,9,0,0,0,
N,F4-F5,1,F,0,132,A2_F14,A_NW13,Lw,Lw,XL x XLXL,Lw(M) x Lw(F),Lw_Homo,Lw(M)-Lw(F)(Homo),12,12,0,12,12,0,0,0,
N,F4-F5,1,F,0,65,A1_F9,B2_NW4,Lw,Lw,XL x XLXL,Lw(M) x Lw(F),Lw_Homo,Lw(M)-Lw(F)(Homo),13,13,0,9,9,0,0,0,
N,F4-F5,1,F,0,72,A4_2_F3,A2_NW2,Lw,Lw,XL x XLXL,Lw(M) x Lw(F),Lw_Homo,Lw(M)-Lw(F)(Homo),13,13,0,16,16,0,0,0,
N,F4-F5,1,F,0,33,X_F10,B_NW7,Lw,Lw,XL x XLXL,Lw(M) x Lw(F),Lw_Homo,Lw(M)-Lw(F)(Homo),20,20,0,13,13,0,0,0,
N,F4-F5,1,F,0,146,A3_F10,A4_1_NW4,Lw,Lw,XL x XLXL,Lw(M) x Lw(F),Lw_Homo,Lw(M)-Lw(F)(Homo),31,31,0,28,28,0,0,0,
Y,F4-F5,2,M,0,86,B_F6,A_NW6,Lw,Lw,XL x XLXs,Lw(M) x Lw(F),Lw_HE,Lw(M)-Lw(F)(Hete),2,2,0,8,8,0,0,0,One of sex N <3
N,F4-F5,2,M,0.45,137,A2_F18,A4_2_NW3,Lw,Lw,XL x XLXs,Lw(M) x Lw(F),Lw_HE,Lw(M)-Lw(F)(Hete),11,6,5,9,9,0,0.45,0,
N,F4-F5,2,M,0.6,84,A4_2_F4,B_NW14,Lw,Lw,XL x XLXs,Lw(M) x Lw(F),Lw_HE,Lw(M)-Lw(F)(Hete),5,2,3,14,14,0,0.6,0,
N,F4-F5,2,M,0.45,102,A2_F9,A3_NW1,Lw,Lw,XL x XLXs,Lw(M) x Lw(F),Lw_HE,Lw(M)-Lw(F)(Hete),11,6,5,8,8,0,0.45,0,
N,F4-F5,2,M,0.55,16,A_F5,B2_NW2,Lw,Lw,XL x XLXs,Lw(M) x Lw(F),Lw_HE,Lw(M)-Lw(F)(Hete),11,5,6,8,8,0,0.55,0,
N,F4-F5,2,M,0.82,120,A2_F11,A_NW8,Lw,Lw,XL x XLXs,Lw(M) x Lw(F),Lw_HE,Lw(M)-Lw(F)(Hete),11,2,9,21,21,0,0.82,0,
N,F4-F5,2,M,0.36,43(3),X_F7,X_NW6,Lw,Lw,XL x XLXs,Lw(M) x Lw(F),Lw_HE,Lw(M)-Lw(F)(Hete),14,9,5,10,10,0,0.36,0,
Y,F4-F5,2,F,0,86,B_F6,A_NW6,Lw,Lw,XL x XLXs,Lw(M) x Lw(F),Lw_HE,Lw(M)-Lw(F)(Hete),2,2,0,8,8,0,0,0,One of sex N <3
N,F4-F5,2,F,0,137,A2_F18,A4_2_NW3,Lw,Lw,XL x XLXs,Lw(M) x Lw(F),Lw_HE,Lw(M)-Lw(F)(Hete),11,6,5,9,9,0,0.45,0,
N,F4-F5,2,F,0,84,A4_2_F4,B_NW14,Lw,Lw,XL x XLXs,Lw(M) x Lw(F),Lw_HE,Lw(M)-Lw(F)(Hete),5,2,3,14,14,0,0.6,0,
N,F4-F5,2,F,0,102,A2_F9,A3_NW1,Lw,Lw,XL x XLXs,Lw(M) x Lw(F),Lw_HE,Lw(M)-Lw(F)(Hete),11,6,5,8,8,0,0.45,0,
N,F4-F5,2,F,0,16,A_F5,B2_NW2,Lw,Lw,XL x XLXs,Lw(M) x Lw(F),Lw_HE,Lw(M)-Lw(F)(Hete),11,5,6,8,8,0,0.55,0,
N,F4-F5,2,F,0,120,A2_F11,A_NW8,Lw,Lw,XL x XLXs,Lw(M) x Lw(F),Lw_HE,Lw(M)-Lw(F)(Hete),11,2,9,21,21,0,0.82,0,
N,F4-F5,2,F,0,43(3),X_F7,X_NW6,Lw,Lw,XL x XLXs,Lw(M) x Lw(F),Lw_HE,Lw(M)-Lw(F)(Hete),14,9,5,10,10,0,0.36,0,
N,F4-F5,3,M,0,6,B_F6,A_SW1,Lw,Sw,Xs x XLXL,Sw(M) x Lw(F),Lw_Homo,Sw(M)-Lw(F)(Homo),3,3,0,4,4,0,0,0,
N,F4-F5,3,M,0,38,A4_2_F1,B2_SW5,Lw,Sw,Xs x XLXL,Sw(M) x Lw(F),Lw_Homo,Sw(M)-Lw(F)(Homo),5,5,0,6,6,0,0,0,
N,F4-F5,3,M,0,34,X_F11,B2_SW6,Lw,Sw,Xs x XLXL,Sw(M) x Lw(F),Lw_Homo,Sw(M)-Lw(F)(Homo),5,5,0,6,6,0,0,0,
N,F4-F5,3,M,0,75,A4_F5,A1_SW1,Lw,Sw,Xs x XLXL,Sw(M) x Lw(F),Lw_Homo,Sw(M)-Lw(F)(Homo),8,8,0,4,4,0,0,0,
N,F4-F5,3,M,0,56,A1_F8,A_SW5,Lw,Sw,Xs x XLXL,Sw(M) x Lw(F),Lw_Homo,Sw(M)-Lw(F)(Homo),4,4,0,9,9,0,0,0,
N,F4-F5,3,M,0,97,A4_2_F5,A_SW9,Lw,Sw,Xs x XLXL,Sw(M) x Lw(F),Lw_Homo,Sw(M)-Lw(F)(Homo),6,6,0,6,6,0,0,0,
N,F4-F5,3,M,0,107,A1_F14,A2_SW5,Lw,Sw,Xs x XLXL,Sw(M) x Lw(F),Lw_Homo,Sw(M)-Lw(F)(Homo),4,4,0,10,10,0,0,0,
N,F4-F5,3,M,0,18,X_F6,X_SW3,Lw,Sw,Xs x XLXL,Sw(M) x Lw(F),Lw_Homo,Sw(M)-Lw(F)(Homo),8,8,0,8,8,0,0,0,
Y,F4-F5,3,M,0,138,A_F15,A_SW14,Lw,Sw,Xs x XLXL,Sw(M) x Lw(F),Lw_Homo,Sw(M)-Lw(F)(Homo),7,7,0,2,2,0,0,0,One of sex N <3
N,F4-F5,3,M,0,47,A4_F2,A_SW4,Lw,Sw,Xs x XLXL,Sw(M) x Lw(F),Lw_Homo,Sw(M)-Lw(F)(Homo),7,7,0,8,8,0,0,0,
N,F4-F5,3,M,0,131,A3_F6,A3_SW1,Lw,Sw,Xs x XLXL,Sw(M) x Lw(F),Lw_Homo,Sw(M)-Lw(F)(Homo),6,6,0,12,12,0,0,0,
N,F4-F5,3,M,0,83,A1_F13,A1_SW3,Lw,Sw,Xs x XLXL,Sw(M) x Lw(F),Lw_Homo,Sw(M)-Lw(F)(Homo),12,12,0,7,7,0,0,0,
N,F4-F5,3,M,0,14(2),A1_F3,B2_SW2,Lw,Sw,Xs x XLXL,Sw(M) x Lw(F),Lw_Homo,Sw(M)-Lw(F)(Homo),7,7,0,7,7,0,0,0,
N,F4-F5,3,M,0,63(3),A1_F5,A_SW2,Lw,Sw,Xs x XLXL,Sw(M) x Lw(F),Lw_Homo,Sw(M)-Lw(F)(Homo),12,12,0,7,7,0,0,0,
N,F4-F5,3,M,0,103,A1_F19,A1_SW7,Lw,Sw,Xs x XLXL,Sw(M) x Lw(F),Lw_Homo,Sw(M)-Lw(F)(Homo),9,9,0,14,14,0,0,0,
N,F4-F5,3,M,0,42(2),B2_F4,B2_SW4,Lw,Sw,Xs x XLXL,Sw(M) x Lw(F),Lw_Homo,Sw(M)-Lw(F)(Homo),17,17,0,6,6,0,0,0,
N,F4-F5,3,M,0,110,B_F11,A1_SW8,Lw,Sw,Xs x XLXL,Sw(M) x Lw(F),Lw_Homo,Sw(M)-Lw(F)(Homo),12,12,0,10,10,0,0,0,
N,F4-F5,3,M,0,105,A3_F3,A2_SW4,Lw,Sw,Xs x XLXL,Sw(M) x Lw(F),Lw_Homo,Sw(M)-Lw(F)(Homo),7,7,0,9,9,0,0,0,
N,F4-F5,3,M,0,147,A3_F11,A2_SW12,Lw,Sw,Xs x XLXL,Sw(M) x Lw(F),Lw_Homo,Sw(M)-Lw(F)(Homo),10,10,0,13,13,0,0,0,
N,F4-F5,3,M,0,116,B_F13,A2_SW8,Lw,Sw,Xs x XLXL,Sw(M) x Lw(F),Lw_Homo,Sw(M)-Lw(F)(Homo),15,15,0,9,9,0,0,0,
N,F4-F5,1,M,0,21,B_F11,B_NW3,Lw,Lw,XL x XLXL,Lw(M) x Lw(F),Lw_Homo,Lw(M)-Lw(F)(Homo),6,6,0,11,11,0,0,0,
N,F4-F5,3,M,0,108,X_F15,A_SW12,Lw,Sw,Xs x XLXL,Sw(M) x Lw(F),Lw_Homo,Sw(M)-Lw(F)(Homo),13,13,0,10,10,0,0,0,
N,F4-F5,3,M,0,58,X_F14,B_SW5,Lw,Sw,Xs x XLXL,Sw(M) x Lw(F),Lw_Homo,Sw(M)-Lw(F)(Homo),11,11,0,16,16,0,0,0,
N,F4-F5,3,M,0,145,A3_F9,A1_SW_13,Lw,Sw,Xs x XLXL,Sw(M) x Lw(F),Lw_Homo,Sw(M)-Lw(F)(Homo),7,7,0,21,21,0,0,0,
N,F4-F5,3,M,0,125,A3_F5,B_SW7,Lw,Sw,Xs x XLXL,Sw(M) x Lw(F),Lw_Homo,Sw(M)-Lw(F)(Homo),22,22,0,19,19,0,0,0,
N,F4-F5,3,M,0,114,X_F16,A2_SW6,Lw,Sw,Xs x XLXL,Sw(M) x Lw(F),Lw_Homo,Sw(M)-Lw(F)(Homo),21,21,0,14,14,0,0,0,
N,F4-F5,3,M,0,152,A3_F12,A_SW15,Lw,Sw,Xs x XLXL,Sw(M) x Lw(F),Lw_Homo,Sw(M)-Lw(F)(Homo),29,29,0,31,31,0,0,0,
N,F4-F5,3,F,0,6,B_F6,A_SW1,Lw,Sw,Xs x XLXL,Sw(M) x Lw(F),Lw_Homo,Sw(M)-Lw(F)(Homo),3,3,0,4,4,0,0,0,
N,F4-F5,3,F,0,38,A4_2_F1,B2_SW5,Lw,Sw,Xs x XLXL,Sw(M) x Lw(F),Lw_Homo,Sw(M)-Lw(F)(Homo),5,5,0,6,6,0,0,0,
N,F4-F5,3,F,0,34,X_F11,B2_SW6,Lw,Sw,Xs x XLXL,Sw(M) x Lw(F),Lw_Homo,Sw(M)-Lw(F)(Homo),5,5,0,6,6,0,0,0,
N,F4-F5,3,F,0,75,A4_F5,A1_SW1,Lw,Sw,Xs x XLXL,Sw(M) x Lw(F),Lw_Homo,Sw(M)-Lw(F)(Homo),8,8,0,4,4,0,0,0,
N,F4-F5,3,F,0,56,A1_F8,A_SW5,Lw,Sw,Xs x XLXL,Sw(M) x Lw(F),Lw_Homo,Sw(M)-Lw(F)(Homo),4,4,0,9,9,0,0,0,
N,F4-F5,3,F,0,97,A4_2_F5,A_SW9,Lw,Sw,Xs x XLXL,Sw(M) x Lw(F),Lw_Homo,Sw(M)-Lw(F)(Homo),6,6,0,6,6,0,0,0,
N,F4-F5,3,F,0,107,A1_F14,A2_SW5,Lw,Sw,Xs x XLXL,Sw(M) x Lw(F),Lw_Homo,Sw(M)-Lw(F)(Homo),4,4,0,10,10,0,0,0,
N,F4-F5,3,F,0,18,X_F6,X_SW3,Lw,Sw,Xs x XLXL,Sw(M) x Lw(F),Lw_Homo,Sw(M)-Lw(F)(Homo),8,8,0,8,8,0,0,0,
Y,F4-F5,3,F,0,138,A_F15,A_SW14,Lw,Sw,Xs x XLXL,Sw(M) x Lw(F),Lw_Homo,Sw(M)-Lw(F)(Homo),7,7,0,2,2,0,0,0,One of sex N <3
N,F4-F5,3,F,0,47,A4_F2,A_SW4,Lw,Sw,Xs x XLXL,Sw(M) x Lw(F),Lw_Homo,Sw(M)-Lw(F)(Homo),7,7,0,8,8,0,0,0,
N,F4-F5,3,F,0,131,A3_F6,A3_SW1,Lw,Sw,Xs x XLXL,Sw(M) x Lw(F),Lw_Homo,Sw(M)-Lw(F)(Homo),6,6,0,12,12,0,0,0,
N,F4-F5,3,F,0,83,A1_F13,A1_SW3,Lw,Sw,Xs x XLXL,Sw(M) x Lw(F),Lw_Homo,Sw(M)-Lw(F)(Homo),12,12,0,7,7,0,0,0,
N,F4-F5,3,F,0,14(2),A1_F3,B2_SW2,Lw,Sw,Xs x XLXL,Sw(M) x Lw(F),Lw_Homo,Sw(M)-Lw(F)(Homo),7,7,0,7,7,0,0,0,
N,F4-F5,3,F,0,63(3),A1_F5,A_SW2,Lw,Sw,Xs x XLXL,Sw(M) x Lw(F),Lw_Homo,Sw(M)-Lw(F)(Homo),12,12,0,7,7,0,0,0,
N,F4-F5,3,F,0,103,A1_F19,A1_SW7,Lw,Sw,Xs x XLXL,Sw(M) x Lw(F),Lw_Homo,Sw(M)-Lw(F)(Homo),9,9,0,14,14,0,0,0,
N,F4-F5,3,F,0,42(2),B2_F4,B2_SW4,Lw,Sw,Xs x XLXL,Sw(M) x Lw(F),Lw_Homo,Sw(M)-Lw(F)(Homo),17,17,0,6,6,0,0,0,
N,F4-F5,3,F,0,110,B_F11,A1_SW8,Lw,Sw,Xs x XLXL,Sw(M) x Lw(F),Lw_Homo,Sw(M)-Lw(F)(Homo),12,12,0,10,10,0,0,0,
N,F4-F5,3,F,0,105,A3_F3,A2_SW4,Lw,Sw,Xs x XLXL,Sw(M) x Lw(F),Lw_Homo,Sw(M)-Lw(F)(Homo),7,7,0,9,9,0,0,0,
N,F4-F5,3,F,0,147,A3_F11,A2_SW12,Lw,Sw,Xs x XLXL,Sw(M) x Lw(F),Lw_Homo,Sw(M)-Lw(F)(Homo),10,10,0,13,13,0,0,0,
N,F4-F5,3,F,0,116,B_F13,A2_SW8,Lw,Sw,Xs x XLXL,Sw(M) x Lw(F),Lw_Homo,Sw(M)-Lw(F)(Homo),15,15,0,9,9,0,0,0,
N,F4-F5,1,F,0,21,B_F11,B_NW3,Lw,Lw,XL x XLXL,Lw(M) x Lw(F),Lw_Homo,Lw(M)-Lw(F)(Homo),6,6,0,11,11,0,0,0,
N,F4-F5,3,F,0,108,X_F15,A_SW12,Lw,Sw,Xs x XLXL,Sw(M) x Lw(F),Lw_Homo,Sw(M)-Lw(F)(Homo),13,13,0,10,10,0,0,0,
N,F4-F5,3,F,0,58,X_F14,B_SW5,Lw,Sw,Xs x XLXL,Sw(M) x Lw(F),Lw_Homo,Sw(M)-Lw(F)(Homo),11,11,0,16,16,0,0,0,
N,F4-F5,3,F,0,145,A3_F9,A1_SW_13,Lw,Sw,Xs x XLXL,Sw(M) x Lw(F),Lw_Homo,Sw(M)-Lw(F)(Homo),7,7,0,21,21,0,0,0,
N,F4-F5,3,F,0,125,A3_F5,B_SW7,Lw,Sw,Xs x XLXL,Sw(M) x Lw(F),Lw_Homo,Sw(M)-Lw(F)(Homo),22,22,0,19,19,0,0,0,
N,F4-F5,3,F,0,114,X_F16,A2_SW6,Lw,Sw,Xs x XLXL,Sw(M) x Lw(F),Lw_Homo,Sw(M)-Lw(F)(Homo),21,21,0,14,14,0,0,0,
N,F4-F5,3,F,0,152,A3_F12,A_SW15,Lw,Sw,Xs x XLXL,Sw(M) x Lw(F),Lw_Homo,Sw(M)-Lw(F)(Homo),29,29,0,31,31,0,0,0,
N,F4-F5,4,M,0.4,22,A_F8,B2_SW3,Lw,Sw,Xs x XLXs,Sw(M) x Lw(F),Lw_HE,Sw(M)-Lw(F)(Hete),5,3,2,3,1,2,0.4,0.67,
Y,F4-F5,4,M,0.83,104,A2_F10,A_SW10,Lw,Sw,Xs x XLXs,Sw(M) x Lw(F),Lw_HE,Sw(M)-Lw(F)(Hete),6,1,5,2,1,1,0.83,0.5,One of sex N <3
N,F4-F5,4,M,0.5,61(2),A_F9,A_SW3,Lw,Sw,Xs x XLXs,Sw(M) x Lw(F),Lw_HE,Sw(M)-Lw(F)(Hete),8,4,4,4,2,2,0.5,0.5,
N,F4-F5,4,M,0.8,87,A_F14,A1_SW4,Lw,Sw,Xs x XLXs,Sw(M) x Lw(F),Lw_HE,Sw(M)-Lw(F)(Hete),5,1,4,8,5,3,0.8,0.38,
N,F4-F5,4,M,0.5,85,A2_F6,A1_SW2,Lw,Sw,Xs x XLXs,Sw(M) x Lw(F),Lw_HE,Sw(M)-Lw(F)(Hete),6,3,3,7,2,5,0.5,0.71,
N,F4-F5,4,M,0.67,121,X_F17,A4_2_SW2,Lw,Sw,Xs x XLXs,Sw(M) x Lw(F),Lw_HE,Sw(M)-Lw(F)(Hete),15,5,10,7,4,3,0.67,0.43,
N,F4-F5,4,M,0.55,45,B_F7,A2_SW3,Lw,Sw,Xs x XLXs,Sw(M) x Lw(F),Lw_HE,Sw(M)-Lw(F)(Hete),11,5,6,5,4,1,0.55,0.2,
N,F4-F5,4,M,0.8,71,A2_F4,A2_SW5,Lw,Sw,Xs x XLXs,Sw(M) x Lw(F),Lw_HE,Sw(M)-Lw(F)(Hete),5,1,4,10,7,3,0.8,0.3,
N,F4-F5,4,M,0.4,113,A_F13,A2_SW7,Lw,Sw,Xs x XLXs,Sw(M) x Lw(F),Lw_HE,Sw(M)-Lw(F)(Hete),10,6,4,5,4,1,0.4,0.2,
N,F4-F5,4,M,0.5,133,A2_F15,X_SW8-2,Lw,Sw,Xs x XLXs,Sw(M) x Lw(F),Lw_HE,Sw(M)-Lw(F)(Hete),14,7,7,13,8,5,0.5,0.38,
N,F4-F5,4,M,0,31(3),B_F15,X_SW2,Lw,Sw,Xs x XLXs,Sw(M) x Lw(F),Lw_HE,Sw(M)-Lw(F)(Hete),13,13,0,14,7,7,0,0.5,
N,F4-F5,4,M,0.58,127,A2_F12,A2_SW10,Lw,Sw,Xs x XLXs,Sw(M) x Lw(F),Lw_HE,Sw(M)-Lw(F)(Hete),12,5,7,9,8,1,0.58,0.11,
N,F4-F5,4,M,0.83,91,B_F8_1,X_SW6,Lw,Sw,Xs x XLXs,Sw(M) x Lw(F),Lw_HE,Sw(M)-Lw(F)(Hete),11,6,5,11,7,4,0.83,0.36,
N,F4-F5,4,M,0.27,7,B_F7,X_SW1,Lw,Sw,Xs x XLXs,Sw(M) x Lw(F),Lw_HE,Sw(M)-Lw(F)(Hete),14,11,3,8,5,3,0.27,0.38,
N,F4-F5,4,M,0.47,48,A2_F2,A2_NW1,Lw,Lw,XL x XLXs,Lw(M) x Lw(F),Lw_HE,Sw(M)-Lw(F)(Hete),19,10,9,20,20,0,0.47,0,
N,F4-F5,4,M,0.36,69,A4_F4,X_SW5,Lw,Sw,Xs x XLXs,Sw(M) x Lw(F),Lw_HE,Sw(M)-Lw(F)(Hete),25,16,9,8,6,2,0.36,0.25,
N,F4-F5,4,F,0.67,22,A_F8,B2_SW3,Lw,Sw,Xs x XLXs,Sw(M) x Lw(F),Lw_HE,Sw(M)-Lw(F)(Hete),5,3,2,3,1,2,0.4,0.67,
Y,F4-F5,4,F,0.5,104,A2_F10,A_SW10,Lw,Sw,Xs x XLXs,Sw(M) x Lw(F),Lw_HE,Sw(M)-Lw(F)(Hete),6,1,5,2,1,1,0.83,0.5,One of sex N <3
N,F4-F5,4,F,0.5,61(2),A_F9,A_SW3,Lw,Sw,Xs x XLXs,Sw(M) x Lw(F),Lw_HE,Sw(M)-Lw(F)(Hete),8,4,4,4,2,2,0.5,0.5,
N,F4-F5,4,F,0.38,87,A_F14,A1_SW4,Lw,Sw,Xs x XLXs,Sw(M) x Lw(F),Lw_HE,Sw(M)-Lw(F)(Hete),5,1,4,8,5,3,0.8,0.38,
N,F4-F5,4,F,0.71,85,A2_F6,A1_SW2,Lw,Sw,Xs x XLXs,Sw(M) x Lw(F),Lw_HE,Sw(M)-Lw(F)(Hete),6,3,3,7,2,5,0.5,0.71,
N,F4-F5,4,F,0.43,121,X_F17,A4_2_SW2,Lw,Sw,Xs x XLXs,Sw(M) x Lw(F),Lw_HE,Sw(M)-Lw(F)(Hete),15,5,10,7,4,3,0.67,0.43,
N,F4-F5,4,F,0.2,45,B_F7,A2_SW3,Lw,Sw,Xs x XLXs,Sw(M) x Lw(F),Lw_HE,Sw(M)-Lw(F)(Hete),11,5,6,5,4,1,0.55,0.2,
N,F4-F5,4,F,0.3,71,A2_F4,A2_SW5,Lw,Sw,Xs x XLXs,Sw(M) x Lw(F),Lw_HE,Sw(M)-Lw(F)(Hete),5,1,4,10,7,3,0.8,0.3,
N,F4-F5,4,F,0.2,113,A_F13,A2_SW7,Lw,Sw,Xs x XLXs,Sw(M) x Lw(F),Lw_HE,Sw(M)-Lw(F)(Hete),10,6,4,5,4,1,0.4,0.2,
N,F4-F5,4,F,0.38,133,A2_F15,X_SW8-2,Lw,Sw,Xs x XLXs,Sw(M) x Lw(F),Lw_HE,Sw(M)-Lw(F)(Hete),14,7,7,13,8,5,0.5,0.38,
N,F4-F5,4,F,0.5,31(3),B_F15,X_SW2,Lw,Sw,Xs x XLXs,Sw(M) x Lw(F),Lw_HE,Sw(M)-Lw(F)(Hete),13,13,0,14,7,7,0,0.5,
N,F4-F5,4,F,0.11,127,A2_F12,A2_SW10,Lw,Sw,Xs x XLXs,Sw(M) x Lw(F),Lw_HE,Sw(M)-Lw(F)(Hete),12,5,7,9,8,1,0.58,0.11,
N,F4-F5,4,F,0.36,91,B_F8_1,X_SW6,Lw,Sw,Xs x XLXs,Sw(M) x Lw(F),Lw_HE,Sw(M)-Lw(F)(Hete),11,6,5,11,7,4,0.83,0.36,
N,F4-F5,4,F,0.38,7,B_F7,X_SW1,Lw,Sw,Xs x XLXs,Sw(M) x Lw(F),Lw_HE,Sw(M)-Lw(F)(Hete),14,11,3,8,5,3,0.27,0.38,
N,F4-F5,4,F,0,48,A2_F2,A2_NW1,Lw,Lw,XL x XLXs,Lw(M) x Lw(F),Lw_HE,Sw(M)-Lw(F)(Hete),19,10,9,20,20,0,0.47,0,
N,F4-F5,4,F,0.25,69,A4_F4,X_SW5,Lw,Sw,Xs x XLXs,Sw(M) x Lw(F),Lw_HE,Sw(M)-Lw(F)(Hete),25,16,9,8,6,2,0.36,0.25,
N,F4-F5,5,M,1,78,A2_SW_F1,B_NW13,Sw,Lw,XL x XsXs,Lw(M) x Sw(F),Sw,Lw(M)-Sw(F),9,0,9,7,7,0,1,0,
N,F4-F5,5,M,1,149,A2_SW_F4,B_NW9,Sw,Lw,XL x XsXs,Lw(M) x Sw(F),Sw,Lw(M)-Sw(F),28,0,28,22,22,0,1,0,
N,F4-F5,5,F,0,78,A2_SW_F1,B_NW13,Sw,Lw,XL x XsXs,Lw(M) x Sw(F),Sw,Lw(M)-Sw(F),9,0,9,7,7,0,1,0,
N,F4-F5,5,F,0,149,A2_SW_F4,B_NW9,Sw,Lw,XL x XsXs,Lw(M) x Sw(F),Sw,Lw(M)-Sw(F),28,0,28,22,22,0,1,0,
N,F4-F5,6,M,1,51,A2_SW_F1,X_SW4,Sw,Sw,Xs x XsXs,Sw(M) x Sw(F),Sw,Sw(M)-Sw(F),6,0,6,4,0,4,1,1,
N,F4-F5,6,M,1,143,A3_SW_F1,A4_1_SW8,Sw,Sw,Xs x XsXs,Sw(M) x Sw(F),Sw,Sw(M)-Sw(F),19,0,19,18,0,18,1,1,
N,F4-F5,6,M,1,136,A2_SW_F2,A1_SW12,Sw,Sw,Xs x XsXs,Sw(M) x Sw(F),Sw,Sw(M)-Sw(F),27,0,27,28,0,28,1,1,
N,F4-F5,6,M,1,148,A2_SW_F5,A2_SW13,Sw,Sw,Xs x XsXs,Sw(M) x Sw(F),Sw,Sw(M)-Sw(F),23,0,23,13,0,13,1,1,
N,F4-F5,6,F,1,51,A2_SW_F1,X_SW4,Sw,Sw,Xs x XsXs,Sw(M) x Sw(F),Sw,Sw(M)-Sw(F),6,0,6,4,0,4,1,1,
N,F4-F5,6,F,1,143,A3_SW_F1,A4_1_SW8,Sw,Sw,Xs x XsXs,Sw(M) x Sw(F),Sw,Sw(M)-Sw(F),19,0,19,18,0,18,1,1,
N,F4-F5,6,F,1,136,A2_SW_F2,A1_SW12,Sw,Sw,Xs x XsXs,Sw(M) x Sw(F),Sw,Sw(M)-Sw(F),27,0,27,28,0,28,1,1,
N,F4-F5,6,F,1,148,A2_SW_F5,A2_SW13,Sw,Sw,Xs x XsXs,Sw(M) x Sw(F),Sw,Sw(M)-Sw(F),23,0,23,13,0,13,1,1,
N,F10-F11,1,M,0,108,B3_Lw_F8,B4_Lw_M6,Lw,Lw,XL x XLXL,Lw(M) x Lw(F),Lw_Homo,Lw(M)-Lw(F)(Homo),25,25,0,11,11,0,0,0,
N,F10-F11,1,F,0,108,B3_Lw_F8,B4_Lw_M6,Lw,Lw,XL x XLXL,Lw(M) x Lw(F),Lw_Homo,Lw(M)-Lw(F)(Homo),25,25,0,11,11,0,0,0,
N,F10-F11,1,M,0,119,B3_Lw_F19,B3_Lw_M15,Lw,Lw,XL x XLXL,Lw(M) x Lw(F),Lw_Homo,Lw(M)-Lw(F)(Homo),8,8,0,9,9,0,0,0,
N,F10-F11,1,F,0,119,B3_Lw_F19,B3_Lw_M15,Lw,Lw,XL x XLXL,Lw(M) x Lw(F),Lw_Homo,Lw(M)-Lw(F)(Homo),8,8,0,9,9,0,0,0,
N,F10-F11,1,M,0,125,B4_Lw_F18,B3_Lw_M13,Lw,Lw,XL x XLXL,Lw(M) x Lw(F),Lw_Homo,Lw(M)-Lw(F)(Homo),56,56,0,48,48,0,0,0,
N,F10-F11,1,F,0,125,B4_Lw_F18,B3_Lw_M13,Lw,Lw,XL x XLXL,Lw(M) x Lw(F),Lw_Homo,Lw(M)-Lw(F)(Homo),56,56,0,48,48,0,0,0,
N,F10-F11,1,M,0,132,B4_Lw_F10,B4_Lw_M11,Lw,Lw,XL x XLXL,Lw(M) x Lw(F),Lw_Homo,Lw(M)-Lw(F)(Homo),26,26,0,23,23,0,0,0,
N,F10-F11,1,F,0,132,B4_Lw_F10,B4_Lw_M11,Lw,Lw,XL x XLXL,Lw(M) x Lw(F),Lw_Homo,Lw(M)-Lw(F)(Homo),26,26,0,23,23,0,0,0,
N,F10-F11,2,F,0,5,B2_Lw_F5,B2_Lw_M2,Lw,Lw,XL x XLXs,Lw(M) x Lw(F),Lw_HE,Lw(M)-Lw(F)(Hete),50,25,25,42,42,0,0.5,0,
N,F10-F11,2,M,0.5,5,B2_Lw_F5,B2_Lw_M2,Lw,Lw,XL x XLXs,Lw(M) x Lw(F),Lw_HE,Lw(M)-Lw(F)(Hete),50,25,25,42,42,0,0.5,0,
N,F10-F11,2,M,0.4,6,B2_Lw_F3,B2_Lw_M1,Lw,Lw,XL x XLXs,Lw(M) x Lw(F),Lw_HE,Lw(M)-Lw(F)(Hete),42,25,17,38,38,0,0.4,0,
N,F10-F11,2,F,0,6,B2_Lw_F3,B2_Lw_M1,Lw,Lw,XL x XLXs,Lw(M) x Lw(F),Lw_HE,Lw(M)-Lw(F)(Hete),42,25,17,38,38,0,0.4,0,
N,F10-F11,2,M,0.63,106,B2_Lw_F15,B3_Lw_M7,Lw,Lw,XL x XLXs,Lw(M) x Lw(F),Lw_HE,Lw(M)-Lw(F)(Hete),8,3,5,10,10,0,0.63,0,
N,F10-F11,2,F,0,106,B2_Lw_F15,B3_Lw_M7,Lw,Lw,XL x XLXs,Lw(M) x Lw(F),Lw_HE,Lw(M)-Lw(F)(Hete),8,3,5,10,10,0,0.63,0,
N,F10-F11,2,M,0.49,112,B3_Lw_F11,B3_Lw_M16,Lw,Lw,XL x XLXs,Lw(M) x Lw(F),Lw_HE,Lw(M)-Lw(F)(Hete),51,26,25,52,52,0,0.49,0,
N,F10-F11,2,F,0,112,B3_Lw_F11,B3_Lw_M16,Lw,Lw,XL x XLXs,Lw(M) x Lw(F),Lw_HE,Lw(M)-Lw(F)(Hete),51,26,25,52,52,0,0.49,0,
N,F10-F11,2,M,0.52,126,B4_Lw_F8,B4_Lw_M10,Lw,Lw,XL x XLXs,Lw(M) x Lw(F),Lw_HE,Lw(M)-Lw(F)(Hete),21,10,11,13,13,0,0.52,0,
N,F10-F11,2,F,0,126,B4_Lw_F8,B4_Lw_M10,Lw,Lw,XL x XLXs,Lw(M) x Lw(F),Lw_HE,Lw(M)-Lw(F)(Hete),21,10,11,13,13,0,0.52,0,
N,F10-F11,2,M,0.29,128,B4_Lw_F9,B3_Lw_M14,Lw,Lw,XL x XLXs,Lw(M) x Lw(F),Lw_HE,Lw(M)-Lw(F)(Hete),34,24,10,34,34,0,0.29,0,
N,F10-F11,2,F,0,128,B4_Lw_F9,B3_Lw_M14,Lw,Lw,XL x XLXs,Lw(M) x Lw(F),Lw_HE,Lw(M)-Lw(F)(Hete),34,24,10,34,34,0,0.29,0,
N,F10-F11,2,M,0.65,131,B3_Lw_F17,B3_Lw_M10,Lw,Lw,XL x XLXs,Lw(M) x Lw(F),Lw_HE,Lw(M)-Lw(F)(Hete),31,11,20,25,25,0,0.65,0,
N,F10-F11,2,F,0,131,B3_Lw_F17,B3_Lw_M10,Lw,Lw,XL x XLXs,Lw(M) x Lw(F),Lw_HE,Lw(M)-Lw(F)(Hete),31,11,20,25,25,0,0.65,0,
N,F10-F11,2,M,0.47,137,B3_Lw_F22,B2_Lw_M26,Lw,Lw,XL x XLXs,Lw(M) x Lw(F),Lw_HE,Lw(M)-Lw(F)(Hete),32,17,15,19,19,0,0.47,0,
N,F10-F11,2,F,0,137,B3_Lw_F22,B2_Lw_M26,Lw,Lw,XL x XLXs,Lw(M) x Lw(F),Lw_HE,Lw(M)-Lw(F)(Hete),32,17,15,19,19,0,0.47,0,
N,F10-F11,2,M,0.43,141,B4_Lw_F24,B3_Lw_M17,Lw,Lw,XL x XLXs,Lw(M) x Lw(F),Lw_HE,Lw(M)-Lw(F)(Hete),21,12,9,16,16,0,0.43,0,
N,F10-F11,2,F,0,141,B4_Lw_F24,B3_Lw_M17,Lw,Lw,XL x XLXs,Lw(M) x Lw(F),Lw_HE,Lw(M)-Lw(F)(Hete),21,12,9,16,16,0,0.43,0,
N,F10-F11,3,M,0,78,B1_Lw_F7,B3_Sw_M6,Lw,Sw,Xs x XLXL,Sw(M) x Lw(F),Lw_Homo,Sw(M)-Lw(F)(Homo),64,64,0,33,33,0,0,0,
N,F10-F11,3,F,0,78,B1_Lw_F7,B3_Sw_M6,Lw,Sw,Xs x XLXL,Sw(M) x Lw(F),Lw_Homo,Sw(M)-Lw(F)(Homo),64,64,0,33,33,0,0,0,
N,F10-F11,3,M,0,121,B4_Lw_F15,B3_Sw_M9,Lw,Sw,Xs x XLXL,Sw(M) x Lw(F),Lw_Homo,Sw(M)-Lw(F)(Homo),36,36,0,32,32,0,0,0,
N,F10-F11,3,F,0,121,B4_Lw_F15,B3_Sw_M9,Lw,Sw,Xs x XLXL,Sw(M) x Lw(F),Lw_Homo,Sw(M)-Lw(F)(Homo),36,36,0,32,32,0,0,0,
N,F10-F11,3,M,0,135,B4_Lw_F25,B3_Sw_F17,Lw,Sw,Xs x XLXL,Sw(M) x Lw(F),Lw_Homo,Sw(M)-Lw(F)(Homo),37,37,0,44,44,0,0,0,
N,F10-F11,3,F,0,135,B4_Lw_F25,B3_Sw_F17,Lw,Sw,Xs x XLXL,Sw(M) x Lw(F),Lw_Homo,Sw(M)-Lw(F)(Homo),37,37,0,44,44,0,0,0,
N,F10-F11,4,F,0.15,10,B2_Lw_F4,B1_Sw_M1,Lw,Sw,Xs x XLXs,Sw(M) x Lw(F),Lw_HE,Sw(M)-Lw(F)(Hete),39,21,18,20,17,3,0.46,0.15,
N,F10-F11,4,M,0.46,10,B2_Lw_F4,B1_Sw_M1,Lw,Sw,Xs x XLXs,Sw(M) x Lw(F),Lw_HE,Sw(M)-Lw(F)(Hete),39,21,18,20,17,3,0.46,0.15,
N,F10-F11,4,F,0.41,23,B1_Lw_F4,B1_Sw_M7,Lw,Sw,Xs x XLXs,Sw(M) x Lw(F),Lw_HE,Sw(M)-Lw(F)(Hete),57,24,33,51,30,21,0.58,0.41,
N,F10-F11,4,M,0.58,23,B1_Lw_F4,B1_Sw_M7,Lw,Sw,Xs x XLXs,Sw(M) x Lw(F),Lw_HE,Sw(M)-Lw(F)(Hete),57,24,33,51,30,21,0.58,0.41,
N,F10-F11,4,M,0.54,34,B1_Lw_F5,B2_Sw_M20,Lw,Sw,Xs x XLXs,Sw(M) x Lw(F),Lw_HE,Sw(M)-Lw(F)(Hete),13,6,7,17,8,9,0.54,0.53,
N,F10-F11,4,F,0.53,34,B1_Lw_F5,B2_Sw_M20,Lw,Sw,Xs x XLXs,Sw(M) x Lw(F),Lw_HE,Sw(M)-Lw(F)(Hete),13,6,7,17,8,9,0.54,0.53,
N,F10-F11,4,M,0.42,46,B2_Lw_F9,B2_Sw_M26,Lw,Sw,Xs x XLXs,Sw(M) x Lw(F),Lw_HE,Sw(M)-Lw(F)(Hete),12,7,5,10,4,6,0.42,0.6,
N,F10-F11,4,F,0.6,46,B2_Lw_F9,B2_Sw_M26,Lw,Sw,Xs x XLXs,Sw(M) x Lw(F),Lw_HE,Sw(M)-Lw(F)(Hete),12,7,5,10,4,6,0.42,0.6,
N,F10-F11,4,M,0.33,67,B1_Lw_F9,B2_Sw_M22,Lw,Sw,Xs x XLXs,Sw(M) x Lw(F),Lw_HE,Sw(M)-Lw(F)(Hete),43,29,14,45,22,23,0.33,0.51,
N,F10-F11,4,F,0.51,67,B1_Lw_F9,B2_Sw_M22,Lw,Sw,Xs x XLXs,Sw(M) x Lw(F),Lw_HE,Sw(M)-Lw(F)(Hete),43,29,14,45,22,23,0.33,0.51,
N,F10-F11,4,M,0.48,76,B1_Lw_F14,B4_Sw_M5,Lw,Sw,Xs x XLXs,Sw(M) x Lw(F),Lw_HE,Sw(M)-Lw(F)(Hete),63,33,30,36,24,12,0.48,0.33,
N,F10-F11,4,F,0.33,76,B1_Lw_F14,B4_Sw_M5,Lw,Sw,Xs x XLXs,Sw(M) x Lw(F),Lw_HE,Sw(M)-Lw(F)(Hete),63,33,30,36,24,12,0.48,0.33,
N,F10-F11,4,M,0.49,86,B4_Lw_F2,B1_Sw_M17,Lw,Sw,Xs x XLXs,Sw(M) x Lw(F),Lw_HE,Sw(M)-Lw(F)(Hete),37,19,18,39,25,14,0.49,0.36,
N,F10-F11,4,F,0.36,86,B4_Lw_F2,B1_Sw_M17,Lw,Sw,Xs x XLXs,Sw(M) x Lw(F),Lw_HE,Sw(M)-Lw(F)(Hete),37,19,18,39,25,14,0.49,0.36,
N,F10-F11,4,M,0.44,115,B2_Lw_F18,B2_Sw_M28,Lw,Sw,Xs x XLXs,Sw(M) x Lw(F),Lw_HE,Sw(M)-Lw(F)(Hete),36,20,16,29,16,13,0.44,0.45,
N,F10-F11,4,F,0.45,115,B2_Lw_F18,B2_Sw_M28,Lw,Sw,Xs x XLXs,Sw(M) x Lw(F),Lw_HE,Sw(M)-Lw(F)(Hete),36,20,16,29,16,13,0.44,0.45,
N,F10-F11,4,M,0.43,122,B3_Lw_F20,B3_Sw_M13,Lw,Sw,Xs x XLXs,Sw(M) x Lw(F),Lw_HE,Sw(M)-Lw(F)(Hete),21,12,9,10,6,4,0.43,0.4,
N,F10-F11,4,F,0.4,122,B3_Lw_F20,B3_Sw_M13,Lw,Sw,Xs x XLXs,Sw(M) x Lw(F),Lw_HE,Sw(M)-Lw(F)(Hete),21,12,9,10,6,4,0.43,0.4,
N,F10-F11,4,M,0.38,134,B4_Lw_F19,B3_Sw_M10,Lw,Sw,Xs x XLXs,Sw(M) x Lw(F),Lw_HE,Sw(M)-Lw(F)(Hete),13,8,5,12,9,3,0.38,0.25,
N,F10-F11,4,F,0.25,134,B4_Lw_F19,B3_Sw_M10,Lw,Sw,Xs x XLXs,Sw(M) x Lw(F),Lw_HE,Sw(M)-Lw(F)(Hete),13,8,5,12,9,3,0.38,0.25,
N,F10-F11,4,M,0.47,142,B3_Lw_F24,B3_Sw_M19,Lw,Sw,Xs x XLXs,Sw(M) x Lw(F),Lw_HE,Sw(M)-Lw(F)(Hete),45,24,21,27,17,10,0.47,0.37,
N,F10-F11,4,F,0.37,142,B3_Lw_F24,B3_Sw_M19,Lw,Sw,Xs x XLXs,Sw(M) x Lw(F),Lw_HE,Sw(M)-Lw(F)(Hete),45,24,21,27,17,10,0.47,0.37,
N,F10-F11,4,M,0.41,143,B4_Lw_F26,B3_Sw_M18,Lw,Sw,Xs x XLXs,Sw(M) x Lw(F),Lw_HE,Sw(M)-Lw(F)(Hete),27,16,11,24,13,11,0.41,0.46,
N,F10-F11,4,F,0.46,143,B4_Lw_F26,B3_Sw_M18,Lw,Sw,Xs x XLXs,Sw(M) x Lw(F),Lw_HE,Sw(M)-Lw(F)(Hete),27,16,11,24,13,11,0.41,0.46,
N,F10-F11,5,F,0,1,B1_Sw_F5,B2_Lw_M5,Sw,Lw,XL x XsXs,Lw(M) x Sw(F),Sw,Lw(M)-Sw(F),42,0,42,41,41,0,1,0,
N,F10-F11,5,M,1,1,B1_Sw_F5,B2_Lw_M5,Sw,Lw,XL x XsXs,Lw(M) x Sw(F),Sw,Lw(M)-Sw(F),42,0,42,41,41,0,1,0,
N,F10-F11,5,F,0,4,B2_Sw_F2,B1_Lw_M7,Sw,Lw,XL x XsXs,Lw(M) x Sw(F),Sw,Lw(M)-Sw(F),4,0,4,3,3,0,1,0,
N,F10-F11,5,M,1,4,B2_Sw_F2,B1_Lw_M7,Sw,Lw,XL x XsXs,Lw(M) x Sw(F),Sw,Lw(M)-Sw(F),4,0,4,3,3,0,1,0,
N,F10-F11,5,F,0,8,B1_Sw_F1,B2_Lw_M3,Sw,Lw,XL x XsXs,Lw(M) x Sw(F),Sw,Lw(M)-Sw(F),47,0,47,39,39,0,1,0,
N,F10-F11,5,M,1,8,B1_Sw_F1,B2_Lw_M3,Sw,Lw,XL x XsXs,Lw(M) x Sw(F),Sw,Lw(M)-Sw(F),47,0,47,39,39,0,1,0,
N,F10-F11,5,F,0,11,B1_Sw_F6,B1_Lw_M8,Sw,Lw,XL x XsXs,Lw(M) x Sw(F),Sw,Lw(M)-Sw(F),41,0,41,41,41,0,1,0,
N,F10-F11,5,M,1,11,B1_Sw_F6,B1_Lw_M8,Sw,Lw,XL x XsXs,Lw(M) x Sw(F),Sw,Lw(M)-Sw(F),41,0,41,41,41,0,1,0,
N,F10-F11,5,F,0,16,B1_Sw_F3,B1_Lw_M1,Sw,Lw,XL x XsXs,Lw(M) x Sw(F),Sw,Lw(M)-Sw(F),37,0,37,40,40,0,1,0,
N,F10-F11,5,M,1,16,B1_Sw_F3,B1_Lw_M1,Sw,Lw,XL x XsXs,Lw(M) x Sw(F),Sw,Lw(M)-Sw(F),37,0,37,40,40,0,1,0,
N,F10-F11,5,F,0,21,B3_Sw_F1,B3_Lw_M1,Sw,Lw,XL x XsXs,Lw(M) x Sw(F),Sw,Lw(M)-Sw(F),43,0,43,32,32,0,1,0,
N,F10-F11,5,M,1,21,B3_Sw_F1,B3_Lw_M1,Sw,Lw,XL x XsXs,Lw(M) x Sw(F),Sw,Lw(M)-Sw(F),43,0,43,32,32,0,1,0,
N,F10-F11,5,F,0,29,B2_Sw_F12,B2_Lw_M8,Sw,Lw,XL x XsXs,Lw(M) x Sw(F),Sw,Lw(M)-Sw(F),29,0,29,24,24,0,1,0,
N,F10-F11,5,M,1,29,B2_Sw_F12,B2_Lw_M8,Sw,Lw,XL x XsXs,Lw(M) x Sw(F),Sw,Lw(M)-Sw(F),29,0,29,24,24,0,1,0,
N,F10-F11,5,F,0,30,B3_Sw_F4,B2_Lw_M11,Sw,Lw,XL x XsXs,Lw(M) x Sw(F),Sw,Lw(M)-Sw(F),17,0,17,14,14,0,1,0,
N,F10-F11,5,M,1,30,B3_Sw_F4,B2_Lw_M11,Sw,Lw,XL x XsXs,Lw(M) x Sw(F),Sw,Lw(M)-Sw(F),17,0,17,14,14,0,1,0,
N,F10-F11,5,F,0,48,B2_Sw_F9,B1_Lw_M10,Sw,Lw,XL x XsXs,Lw(M) x Sw(F),Sw,Lw(M)-Sw(F),19,0,19,25,25,0,1,0,
N,F10-F11,5,M,1,48,B2_Sw_F9,B1_Lw_M10,Sw,Lw,XL x XsXs,Lw(M) x Sw(F),Sw,Lw(M)-Sw(F),19,0,19,25,25,0,1,0,
N,F10-F11,5,F,0,49,B2_Sw_F19,B3_Lw_M3,Sw,Lw,XL x XsXs,Lw(M) x Sw(F),Sw,Lw(M)-Sw(F),20,0,20,20,20,0,1,0,
N,F10-F11,5,M,1,49,B2_Sw_F19,B3_Lw_M3,Sw,Lw,XL x XsXs,Lw(M) x Sw(F),Sw,Lw(M)-Sw(F),20,0,20,20,20,0,1,0,
N,F10-F11,5,M,1,58,B2_Sw_F8,B1_Lw_M11,Sw,Lw,XL x XsXs,Lw(M) x Sw(F),Sw,Lw(M)-Sw(F),33,0,33,33,33,0,1,0,
N,F10-F11,5,F,0,58,B2_Sw_F8,B1_Lw_M11,Sw,Lw,XL x XsXs,Lw(M) x Sw(F),Sw,Lw(M)-Sw(F),33,0,33,33,33,0,1,0,
N,F10-F11,5,M,1,65,B4_Sw_F3,B1_Lw_M16,Sw,Lw,XL x XsXs,Lw(M) x Sw(F),Sw,Lw(M)-Sw(F),33,0,33,41,41,0,1,0,
N,F10-F11,5,F,0,65,B4_Sw_F3,B1_Lw_M16,Sw,Lw,XL x XsXs,Lw(M) x Sw(F),Sw,Lw(M)-Sw(F),33,0,33,41,41,0,1,0,
N,F10-F11,5,M,1,70,B4_Sw_F2,B4_Lw_M4,Sw,Lw,XL x XsXs,Lw(M) x Sw(F),Sw,Lw(M)-Sw(F),30,0,30,22,22,0,1,0,
N,F10-F11,5,F,0,70,B4_Sw_F2,B4_Lw_M4,Sw,Lw,XL x XsXs,Lw(M) x Sw(F),Sw,Lw(M)-Sw(F),30,0,30,22,22,0,1,0,
N,F10-F11,5,M,1,87,B2_Sw_F22,B2_Lw_M17,Sw,Lw,XL x XsXs,Lw(M) x Sw(F),Sw,Lw(M)-Sw(F),14,0,14,16,16,0,1,0,
N,F10-F11,5,F,0,87,B2_Sw_F22,B2_Lw_M17,Sw,Lw,XL x XsXs,Lw(M) x Sw(F),Sw,Lw(M)-Sw(F),14,0,14,16,16,0,1,0,
N,F10-F11,5,M,1,93,B4_Sw_F8,B4_Lw_M5,Sw,Lw,XL x XsXs,Lw(M) x Sw(F),Sw,Lw(M)-Sw(F),24,0,24,18,18,0,1,0,
N,F10-F11,5,F,0,93,B4_Sw_F8,B4_Lw_M5,Sw,Lw,XL x XsXs,Lw(M) x Sw(F),Sw,Lw(M)-Sw(F),24,0,24,18,18,0,1,0,
N,F10-F11,5,M,1,104,B1_Sw_F19,B2_Lw_M21,Sw,Lw,XL x XsXs,Lw(M) x Sw(F),Sw,Lw(M)-Sw(F),13,0,13,36,36,0,1,0,
N,F10-F11,5,F,0,104,B1_Sw_F19,B2_Lw_M21,Sw,Lw,XL x XsXs,Lw(M) x Sw(F),Sw,Lw(M)-Sw(F),13,0,13,36,36,0,1,0,
N,F10-F11,5,M,1,111,B4_Sw_F7,B2_Lw_M24,Sw,Lw,XL x XsXs,Lw(M) x Sw(F),Sw,Lw(M)-Sw(F),31,0,31,31,31,0,1,0,
N,F10-F11,5,F,0,111,B4_Sw_F7,B2_Lw_M24,Sw,Lw,XL x XsXs,Lw(M) x Sw(F),Sw,Lw(M)-Sw(F),31,0,31,31,31,0,1,0,
N,F10-F11,6,M,1,2,B2_Sw_F1,B2_Sw_M1,Sw,Sw,Xs x XsXs,Sw(M) x Sw(F),Sw,Sw(M)-Sw(F),21,0,21,20,0,20,1,1,
N,F10-F11,6,F,1,2,B2_Sw_F1,B2_Sw_M1,Sw,Sw,Xs x XsXs,Sw(M) x Sw(F),Sw,Sw(M)-Sw(F),21,0,21,20,0,20,1,1,
N,F10-F11,6,M,1,3,B2_Sw_F5,B1_Sw_M5,Sw,Sw,Xs x XsXs,Sw(M) x Sw(F),Sw,Sw(M)-Sw(F),33,0,33,10,0,10,1,1,
N,F10-F11,6,F,1,3,B2_Sw_F5,B1_Sw_M5,Sw,Sw,Xs x XsXs,Sw(M) x Sw(F),Sw,Sw(M)-Sw(F),33,0,33,10,0,10,1,1,
N,F10-F11,6,M,1,7,B2_Sw_F7,B1_Sw_M6,Sw,Sw,Xs x XsXs,Sw(M) x Sw(F),Sw,Sw(M)-Sw(F),47,0,47,20,0,20,1,1,
N,F10-F11,6,F,1,7,B2_Sw_F7,B1_Sw_M6,Sw,Sw,Xs x XsXs,Sw(M) x Sw(F),Sw,Sw(M)-Sw(F),47,0,47,20,0,20,1,1,
N,F10-F11,6,F,1,12,B2_Sw_F6,B2_Sw_M8,Sw,Sw,Xs x XsXs,Sw(M) x Sw(F),Sw,Sw(M)-Sw(F),35,0,35,13,0,13,1,1,
N,F10-F11,6,M,1,12,B2_Sw_F6,B2_Sw_M8,Sw,Sw,Xs x XsXs,Sw(M) x Sw(F),Sw,Sw(M)-Sw(F),35,0,35,13,0,13,1,1,
N,F10-F11,6,F,1,27,B1_Sw_F9,B1_Sw_M4,Sw,Sw,Xs x XsXs,Sw(M) x Sw(F),Sw,Sw(M)-Sw(F),29,0,29,18,0,18,1,1,
N,F10-F11,6,M,1,27,B1_Sw_F9,B1_Sw_M4,Sw,Sw,Xs x XsXs,Sw(M) x Sw(F),Sw,Sw(M)-Sw(F),29,0,29,18,0,18,1,1,
N,F10-F11,6,F,1,31,B2_Sw_F15,B1_Sw_M11,Sw,Sw,Xs x XsXs,Sw(M) x Sw(F),Sw,Sw(M)-Sw(F),23,0,23,21,0,21,1,1,
N,F10-F11,6,M,1,31,B2_Sw_F15,B1_Sw_M11,Sw,Sw,Xs x XsXs,Sw(M) x Sw(F),Sw,Sw(M)-Sw(F),23,0,23,21,0,21,1,1,
N,F10-F11,6,F,1,32,B1_Sw_F11,B3_Sw_M2,Sw,Sw,Xs x XsXs,Sw(M) x Sw(F),Sw,Sw(M)-Sw(F),38,0,38,22,0,22,1,1,
N,F10-F11,6,M,1,32,B1_Sw_F11,B3_Sw_M2,Sw,Sw,Xs x XsXs,Sw(M) x Sw(F),Sw,Sw(M)-Sw(F),38,0,38,22,0,22,1,1,
N,F10-F11,6,F,1,43,B2_Sw_F17,B1_Sw_M14,Sw,Sw,Xs x XsXs,Sw(M) x Sw(F),Sw,Sw(M)-Sw(F),12,0,12,14,0,14,1,1,
N,F10-F11,6,M,1,43,B2_Sw_F17,B1_Sw_M14,Sw,Sw,Xs x XsXs,Sw(M) x Sw(F),Sw,Sw(M)-Sw(F),12,0,12,14,0,14,1,1,
N,F10-F11,6,F,1,44,B3_Sw_F2,B2_Sw_M18,Sw,Sw,Xs x XsXs,Sw(M) x Sw(F),Sw,Sw(M)-Sw(F),52,0,52,23,0,23,1,1,
N,F10-F11,6,M,1,44,B3_Sw_F2,B2_Sw_M18,Sw,Sw,Xs x XsXs,Sw(M) x Sw(F),Sw,Sw(M)-Sw(F),52,0,52,23,0,23,1,1,
N,F10-F11,6,F,1,47,B2_Sw_F14,B2_Sw_M25,Sw,Sw,Xs x XsXs,Sw(M) x Sw(F),Sw,Sw(M)-Sw(F),10,0,10,19,0,19,1,1,
N,F10-F11,6,M,1,47,B2_Sw_F14,B2_Sw_M25,Sw,Sw,Xs x XsXs,Sw(M) x Sw(F),Sw,Sw(M)-Sw(F),10,0,10,19,0,19,1,1,
N,F10-F11,6,F,1,50,B2_Sw_F20,B3_Sw_M4,Sw,Sw,Xs x XsXs,Sw(M) x Sw(F),Sw,Sw(M)-Sw(F),14,0,14,13,0,13,1,1,
N,F10-F11,6,M,1,50,B2_Sw_F20,B3_Sw_M4,Sw,Sw,Xs x XsXs,Sw(M) x Sw(F),Sw,Sw(M)-Sw(F),14,0,14,13,0,13,1,1,
N,F10-F11,6,F,1,53,B3_Sw_F3,B1_Sw_M12,Sw,Sw,Xs x XsXs,Sw(M) x Sw(F),Sw,Sw(M)-Sw(F),28,0,28,19,0,19,1,1,
N,F10-F11,6,M,1,53,B3_Sw_F3,B1_Sw_M12,Sw,Sw,Xs x XsXs,Sw(M) x Sw(F),Sw,Sw(M)-Sw(F),28,0,28,19,0,19,1,1,
N,F10-F11,6,F,1,57,B1_Sw_F10,B3_Sw_M5,Sw,Sw,Xs x XsXs,Sw(M) x Sw(F),Sw,Sw(M)-Sw(F),26,0,26,25,0,25,1,1,
N,F10-F11,6,M,1,57,B1_Sw_F10,B3_Sw_M5,Sw,Sw,Xs x XsXs,Sw(M) x Sw(F),Sw,Sw(M)-Sw(F),26,0,26,25,0,25,1,1,
N,F10-F11,6,F,1,59,B1_Sw_F13,B2_Sw_M11,Sw,Sw,Xs x XsXs,Sw(M) x Sw(F),Sw,Sw(M)-Sw(F),39,0,39,27,0,27,1,1,
N,F10-F11,6,M,1,59,B1_Sw_F13,B2_Sw_M11,Sw,Sw,Xs x XsXs,Sw(M) x Sw(F),Sw,Sw(M)-Sw(F),39,0,39,27,0,27,1,1,
N,F10-F11,6,F,1,64,B1_Sw_F17,B4_Sw_M9,Sw,Sw,Xs x XsXs,Sw(M) x Sw(F),Sw,Sw(M)-Sw(F),17,0,17,14,0,14,1,1,
N,F10-F11,6,M,1,64,B1_Sw_F17,B4_Sw_M9,Sw,Sw,Xs x XsXs,Sw(M) x Sw(F),Sw,Sw(M)-Sw(F),17,0,17,14,0,14,1,1,
N,F10-F11,6,F,1,69,B1_Sw_F16,B1_Sw_M14,Sw,Sw,Xs x XsXs,Sw(M) x Sw(F),Sw,Sw(M)-Sw(F),48,0,48,40,0,40,1,1,
N,F10-F11,6,M,1,69,B1_Sw_F16,B1_Sw_M14,Sw,Sw,Xs x XsXs,Sw(M) x Sw(F),Sw,Sw(M)-Sw(F),48,0,48,40,0,40,1,1,
N,F10-F11,6,F,1,71,B4_Sw_F4,B4_Sw_M3,Sw,Sw,Xs x XsXs,Sw(M) x Sw(F),Sw,Sw(M)-Sw(F),25,0,25,31,0,31,1,1,
N,F10-F11,6,M,1,71,B4_Sw_F4,B4_Sw_M3,Sw,Sw,Xs x XsXs,Sw(M) x Sw(F),Sw,Sw(M)-Sw(F),25,0,25,31,0,31,1,1,
N,F10-F11,6,F,1,95,B4_Sw_F10,B2_Sw_M23,Sw,Sw,Xs x XsXs,Sw(M) x Sw(F),Sw,Sw(M)-Sw(F),12,0,12,14,0,14,1,1,
N,F10-F11,6,M,1,95,B4_Sw_F10,B2_Sw_M23,Sw,Sw,Xs x XsXs,Sw(M) x Sw(F),Sw,Sw(M)-Sw(F),12,0,12,14,0,14,1,1,
N,F10-F11,6,M,1,133,B4_Sw_F11,B4_Sw_M21,Sw,Sw,Xs x XsXs,Sw(M) x Sw(F),Sw,Sw(M)-Sw(F),17,0,17,21,0,21,1,1,
N,F10-F11,6,F,1,133,B4_Sw_F11,B4_Sw_M21,Sw,Sw,Xs x XsXs,Sw(M) x Sw(F),Sw,Sw(M)-Sw(F),17,0,17,21,0,21,1,1,