Generation,Sample_Group,Sample_ID,Phenotype,Mean_Harp_Size,Left_Harp_Size,Right_Harp_Size,,
F5,Longevity_2023,P136_Sw1_Audible,Sw,5.496,5.591,5.4,,Phenotype: Lw: Long-wing; Sw: Small-wing
F5,Longevity_2023,P136_Sw2_Audible,Sw,5.789,4.807,6.771,,Harp size: mm2
F5,Longevity_2023,P136_Sw5_Audible,Sw,6.736,7.052,6.42,,
F5,Longevity_2023,P136_Sw8,Sw,5.53,4.772,6.287,,
F5,Longevity_2023,P136_Sw9_Silent,Sw,6.556,6.233,6.879,,
F5,Longevity_2023,P136_Sw10_Audible,Sw,6.432,6.512,6.351,,
F5,Longevity_2023,P136_Sw11,Sw,6.511,6.283,6.739,,
F5,Longevity_2023,P136_Sw14_Audible,Sw,6.579,6.695,6.463,,
F5,Longevity_2023,P136_Sw16_Audible,Sw,6.598,6.719,6.477,,
F5,Longevity_2023,P136_Sw17_Audible,Sw,6.631,6.76,6.501,,
F5,Longevity_2023,P136_Sw18_Audible,Sw,6.118,6.155,6.08,,
F5,Longevity_2023,P136_Sw19_Audible,Sw,7.397,7.31,7.483,,
F5,Longevity_2023,P136_Sw21,Sw,6.145,6.128,6.162,,
F5,Longevity_2023,P136_Sw22,Sw,6.327,6.521,6.132,,
F5,Longevity_2023,P136_Sw23_Audible,Sw,6.159,6.032,6.286,,
F5,Longevity_2023,P136_Sw24,Sw,7.035,7.075,6.995,,
F5,Longevity_2023,P136_Sw25_Audible,Sw,6.231,6.355,6.106,,
F5,Longevity_2023,P136_Sw26_Audible,Sw,6.323,6.503,6.142,,
F5,Longevity_2023,P143_Sw1_Audible,Sw,6.104,6.099,6.109,,
F5,Longevity_2023,P143_Sw3_Silent,Sw,5.958,5.679,6.236,,
F5,Longevity_2023,P143_Sw5,Sw,5.27,5.251,5.289,,
F5,Longevity_2023,P143_Sw6,Sw,5.762,5.961,5.562,,
F5,Longevity_2023,P143_Sw7,Sw,5.477,5.864,5.09,,
F5,Longevity_2023,P143_Sw8_Audible,Sw,6.273,6.215,6.331,,
F5,Longevity_2023,P143_Sw10_Audible,Sw,5.638,5.425,5.851,,
F5,Longevity_2023,P148_Sw3,Sw,4.849,5.01,4.688,,
F5,Longevity_2023,P148_Sw4,Sw,5.794,5.833,5.755,,
F5,Longevity_2023,P149_Sw1_Audible,Sw,6.331,6.34,6.322,,
F5,Longevity_2023,P149_Sw2,Sw,6.647,6.693,6.601,,
F5,Longevity_2023,P149_Sw5,Sw,6.167,5.723,6.61,,
F5,Longevity_2023,P149_Sw13,Sw,6.388,6.257,6.519,,
F5,Longevity_2023,P149_Sw14-Audible,Sw,7.023,7.449,6.597,,
F5,Longevity_2023,P149_Sw15-Audible,Sw,6.186,6.08,6.292,,
F5,Longevity_2023,P149_Sw16-Audible,Sw,6.515,6.246,6.783,,
F5,Longevity_2023,P149_Sw17-Audible,Sw,6.731,6.761,6.701,,
F5,Longevity_2023,P149_Sw18-Audible,Sw,5.775,5.995,5.554,,
F5,Longevity_2023,P149_Sw19-Audible,Sw,6.017,6.02,6.013,,
F5,Longevity_2023,P149_Sw20,Sw,6.317,6.66,5.974,,
F5,Longevity_2023,P149_Sw21,Sw,5.649,6.25,5.047,,
F5,Longevity_2023,P149_Sw22-Audible,Sw,6.468,6.437,6.499,,
F5,Longevity_2023,P149_Sw24,Sw,6.233,6.956,5.51,,
F5,Longevity_2023,P149_Sw25-Audible,Sw,7.052,7.12,6.984,,
F5,Longevity_2023,P149_Sw27-Audible,Sw,7.3,7.371,7.229,,
F5,Longevity_2023,P149_Sw28-Silent,Sw,7.261,7.905,6.616,,
F6,Calling_song_Sep2023,C2_Lw,Lw,9.249,9.265,9.232,,
F6,Calling_song_Sep2023,C5_Lw,Lw,9.296,9.58,9.012,,
F6,Calling_song_Sep2023,C11_Lw,Lw,10.007,10.298,9.715,,
F6,Calling_song_Sep2023,C13_Lw,Lw,9.992,10.118,9.866,,
F6,Calling_song_Sep2023,C14_Lw,Lw,10.83,10.815,10.844,,
F6,Calling_song_Sep2023,C16_Lw,Lw,8.879,8.957,8.801,,
F6,Calling_song_Sep2023,C17_Lw,Lw,9.477,10.21,8.743,,
F6,Calling_song_Sep2023,C18_Lw,Lw,10.948,11.566,10.33,,
F6,Calling_song_Sep2023,C19_Lw,Lw,7.824,7.803,7.845,,
F6,Calling_song_Sep2023,C22_Lw,Lw,9.374,9.52,9.228,,
F6,Calling_song_Sep2023,C23_Lw,Lw,9.983,10.154,9.811,,
F6,Calling_song_Sep2023,C24_Lw,Lw,10.511,10.099,10.922,,
F6,Calling_song_Sep2023,C25_Lw,Lw,9.66,9.96,9.36,,
F6,Calling_song_Sep2023,C26_Lw,Lw,9.767,9.899,9.635,,
F6,Calling_song_Sep2023,C28_Lw,Lw,6.904,6.71,7.097,,
F6,Calling_song_Sep2023,C29_Lw,Lw,8.98,8.93,9.029,,
F6,Calling_song_Sep2023,C30_Lw,Lw,10.307,10.767,9.846,,
F6,Calling_song_Sep2023,C31_Lw,Lw,8.586,8.809,8.362,,
F6,Calling_song_Sep2023,C32_Lw,Lw,6.561,6.716,6.406,,
F6,Calling_song_Sep2023,Lw-M1,Lw,8.103,7.752,8.454,,
F6,Calling_song_Sep2023,Lw-M2,Lw,6.803,6.87,6.735,,
F6,Calling_song_Sep2023,C3-Sw,Sw,4.819,4.717,4.921,,
F6,Calling_song_Sep2023,C4-Sw,Sw,6.642,6.688,6.596,,
F6,Calling_song_Sep2023,C6_Sw,Sw,5.222,5.162,5.282,,
F6,Calling_song_Sep2023,C7_Sw,Sw,6.741,6.605,6.876,,
F6,Calling_song_Sep2023,C8-2(C8)_Sw,Sw,5.08,5.211,4.948,,
F6,Calling_song_Sep2023,C9_Sw,Sw,5.887,5.934,5.839,,
F6,Calling_song_Sep2023,C12_Sw,Sw,6.335,6.49,6.18,,
F6,Calling_song_Sep2023,C15_Sw,Sw,6.734,6.829,6.639,,
F6,Calling_song_Sep2023,C20_Sw,Sw,5.235,4.699,5.771,,
F6,Calling_song_Sep2023,C21_Sw,Sw,5.518,5.734,5.301,,
F6,Calling_song_Sep2023,C27_Sw,Sw,5.35,5.642,5.058,,
F7,Flight_Muscle_2024,B2_Lw_M3,Lw,7.844,7.789,7.898,,
F7,Flight_Muscle_2024,B2_Lw_M5,Lw,6.656,6.676,6.635,,
F7,Flight_Muscle_2024,B3A_Lw_M1,Lw,7.4,7.3,7.5,,
F7,Flight_Muscle_2024,B3A_Lw_M3,Lw,7.57,7.577,7.563,,
F7,Flight_Muscle_2024,B3A_Lw_M4_June2024,Lw,8.284,8.114,8.454,,
F7,Flight_Muscle_2024,B3A_Lw_M4_29May2024,Lw,7.502,7.413,7.59,,
F7,Flight_Muscle_2024,B3A_Lw_M11,Lw,7.342,7.415,7.269,,
F7,Flight_Muscle_2024,B3A_Lw_M12,Lw,7.878,7.9,7.855,,
F7,Flight_Muscle_2024,B3A_Lw_M13,Lw,8.383,8.41,8.355,,
F7,Flight_Muscle_2024,B3A_Lw_M16,Lw,8.333,8.176,8.489,,
F7,Flight_Muscle_2024,B3A_Lw_M17,Lw,8.767,9.094,8.44,,
F7,Flight_Muscle_2024,B3A_Lw_MX1,Lw,7.956,7.872,8.039,,
F7,Flight_Muscle_2024,B3A_Lw_MX2,Lw,6.518,6.392,6.643,,
F7,Flight_Muscle_2024,B3B_Lw_M1,Lw,7.382,7.355,7.408,,
F7,Flight_Muscle_2024,B3B_Lw_M2,Lw,7.268,7.159,7.377,,
F7,Flight_Muscle_2024,B3B_Lw_M3,Lw,6.682,6.853,6.511,,
F7,Flight_Muscle_2024,B3B_Lw_M4,Lw,6.702,6.858,6.545,,
F7,Flight_Muscle_2024,B3B_Lw_M7,Lw,6.819,6.751,6.887,,
F7,Flight_Muscle_2024,B3B_Lw_M8,Lw,8.206,8.335,8.076,,
F7,Flight_Muscle_2024,B3B_Lw_M9,Lw,8.44,8.367,8.512,,
F7,Flight_Muscle_2024,B3B_Lw_M10,Lw,8.176,8.005,8.347,,
F7,Flight_Muscle_2024,B3B_Lw_M11,Lw,8.057,8.092,8.021,,
F7,Flight_Muscle_2024,B3B_Lw_M12,Lw,7.41,7.428,7.391,,
F7,Flight_Muscle_2024,B3B_Lw_M13,Lw,7.285,7.109,7.461,,
F7,Flight_Muscle_2024,B4A_Lw_M2,Lw,7.958,7.959,7.956,,
F7,Flight_Muscle_2024,B4A_Lw_M3,Lw,8.049,7.79,8.307,,
F7,Flight_Muscle_2024,B4A_Lw_M4,Lw,7.447,7.293,7.6,,
F7,Flight_Muscle_2024,B4A_Lw_M6,Lw,8.209,8.297,8.121,,
F7,Flight_Muscle_2024,B4A_Lw_M7,Lw,8.257,8.062,8.452,,
F7,Flight_Muscle_2024,B4A_Lw_M10,Lw,8.824,8.696,8.952,,
F7,Flight_Muscle_2024,B4A_Lw_M11-1,Lw,8.078,7.97,8.185,,
F7,Flight_Muscle_2024,B4A_Lw_M11-2,Lw,9.102,9.111,9.093,,
F7,Flight_Muscle_2024,B4B_Lw_M1,Lw,7.608,7.55,7.666,,
F7,Flight_Muscle_2024,B4B_Lw_M2,Lw,7.699,7.627,7.771,,
F7,Flight_Muscle_2024,B4B_Lw_M3,Lw,8.707,8.871,8.542,,
F7,Flight_Muscle_2024,B4B_Lw_M4,Lw,8.654,8.524,8.783,,
F7,Flight_Muscle_2024,B4B_Lw_M10,Lw,8.217,8.44,7.994,,
F7,Flight_Muscle_2024,B5A_Lw_M3,Lw,9.328,9.163,9.492,,
F7,Flight_Muscle_2024,B5A_Lw_M4,Lw,8.291,8.224,8.357,,
F7,Flight_Muscle_2024,B5A_Lw_M5,Lw,8.549,8.631,8.466,,
F7,Flight_Muscle_2024,B5A_Lw_M6,Lw,7.855,7.716,7.993,,
F7,Flight_Muscle_2024,B5B_Lw_M1,Lw,8.002,7.914,8.09,,
F7,Flight_Muscle_2024,B5B_Lw_M2,Lw,8.801,8.738,8.863,,
F7,Flight_Muscle_2024,B5B_Lw_M3,Lw,7.552,7.489,7.614,,
F7,Flight_Muscle_2024,B5B_Lw_M4,Lw,8.455,8.868,8.042,,
F7,Flight_Muscle_2024,B6_Lw_M1,Lw,8.914,8.783,9.044,,
F7,Flight_Muscle_2024,B6_Lw_M2,Lw,8.689,8.773,8.605,,
F7,Flight_Muscle_2024,B6_Lw_M3,Lw,7.802,7.763,7.841,,
F7,Flight_Muscle_2024,3A_Sw_M3,Sw,5.767,5.59,5.944,,
F7,Flight_Muscle_2024,3A_Sw_M5,Sw,4.735,4.807,4.662,,
F7,Flight_Muscle_2024,3A_Sw_M7,Sw,5.628,5.508,5.748,,
F7,Flight_Muscle_2024,3A_Sw_M8,Sw,5.83,6.119,5.541,,
F7,Flight_Muscle_2024,3B_Sw_M1,Sw,4.646,4.715,4.577,,
F7,Flight_Muscle_2024,3B_Sw_M2,Sw,3.769,3.754,3.784,,
F7,Flight_Muscle_2024,3B_Sw_M4,Sw,5.069,5.108,5.03,,
F7,Flight_Muscle_2024,3B_Sw_M5,Sw,5.25,5.45,5.049,,
F7,Flight_Muscle_2024,3B_Sw_M6,Sw,4.81,4.966,4.654,,
F7,Flight_Muscle_2024,3B_Sw_MX1,Sw,5.178,4.745,5.611,,
F7,Flight_Muscle_2024,4A_Sw_M1,Sw,3.965,4.034,3.895,,
F7,Flight_Muscle_2024,4A_Sw_M2,Sw,4.283,4.406,4.16,,
F7,Flight_Muscle_2024,4A_Sw_M3,Sw,4.557,4.551,4.562,,
F7,Flight_Muscle_2024,4A_Sw_M4,Sw,4.96,5.258,4.662,,
F7,Flight_Muscle_2024,4B_Sw_M3,Sw,5.091,4.825,5.357,,
F7,Flight_Muscle_2024,5A_Sw_M1,Sw,5.101,5.034,5.168,,
F7,Flight_Muscle_2024,5A_Sw_M2,Sw,5.082,4.979,5.185,,
F7,Flight_Muscle_2024,5A_Sw_M3,Sw,4.919,4.869,4.969,,
F7,Flight_Muscle_2024,5A_Sw_M4,Sw,5.766,5.522,6.009,,
F7,Flight_Muscle_2024,5A_Sw_M5,Sw,4.914,4.87,4.958,,
F7,Flight_Muscle_2024,5A_Sw_M7,Sw,3.939,4.445,3.432,,
F7,Flight_Muscle_2024,5A_Sw_M10,Sw,5.351,5.471,5.23,,
F7,Flight_Muscle_2024,5A_Sw_M11,Sw,5.44,5.367,5.513,,
F7,Flight_Muscle_2024,5A_Sw_M12,Sw,5.263,5.719,4.807,,
F7,Flight_Muscle_2024,5B_Sw_M3,Sw,5.214,5.221,5.206,,
F7,Flight_Muscle_2024,5B_Sw_M4,Sw,5.43,4.955,5.904,,
F7,Flight_Muscle_2024,5B_Sw_M6,Sw,4.287,4.174,4.4,,
F7,Flight_Muscle_2024,5B_Sw_M7,Sw,5.215,5.258,5.172,,
F7,Flight_Muscle_2024,5B_Sw_M8,Sw,4.507,4.514,4.499,,
F7,Flight_Muscle_2024,5B_Sw_M9,Sw,4.855,4.665,5.044,,
F7,Flight_Muscle_2024,B2_Sw_M2,Sw,4.208,4.294,4.121,,
F7,Flight_Muscle_2024,B2_Sw_M3,Sw,4.658,4.555,4.761,,
F7,Flight_Muscle_2024,B2_Sw_M7,Sw,3.695,3.497,3.892,,
F7,Flight_Muscle_2024,B6_Sw_M1,Sw,5.487,5.366,5.607,,
F7,Flight_Muscle_2024,B6_Sw_M3,Sw,5.802,6.074,5.53,,
F8,LDV_2024,Lw1,Lw,8.732,8.696,8.767,,
F8,LDV_2024,Lw3,Lw,8.3,8.204,8.395,,
F8,LDV_2024,Lw4,Lw,8.577,8.752,8.402,,
F8,LDV_2024,Lw5,Lw,8.269,8.344,8.194,,
F8,LDV_2024,Lw6,Lw,8.765,8.705,8.825,,
F8,LDV_2024,Lw7,Lw,8.558,8.417,8.698,,
F8,LDV_2024,Lw8,Lw,8.264,7.966,8.562,,
F8,LDV_2024,Lw10,Lw,9.387,9.01,9.764,,
F8,LDV_2024,Lw11,Lw,9.035,9.172,8.898,,
F8,LDV_2024,Lw12,Lw,7.97,7.748,8.192,,
F8,LDV_2024,Sw3,Sw,5.617,5.229,6.005,,
F8,LDV_2024,Sw4,Sw,5.352,5.286,5.417,,
F8,LDV_2024,Sw5,Sw,4.96,4.778,5.141,,
F8,LDV_2024,Sw7,Sw,5.395,5.342,5.447,,
F8,LDV_2024,Sw8,Sw,5.237,5.03,5.444,,
F8,LDV_2024,Sw9,Sw,5.2,5.279,5.121,,
F8,LDV_2024,Sw10,Sw,3.773,3.783,3.762,,
F8,LDV_2024,Sw11,Sw,5.054,5.141,4.966,,